[{"fields": {"title": "Education", "description": "Education"}, "pk": 1, "model": "referencepool.policydomain"}, {"fields": {"title": "Economy", "description": "Economy"}, "pk": 2, "model": "referencepool.policydomain"}, {"fields": {"title": "Justice", "description": "Justice"}, "pk": 3, "model": "referencepool.policydomain"}, {"fields": {"title": "Health", "description": "Health"}, "pk": 4, "model": "referencepool.policydomain"}, {"fields": {"title": "Population", "description": "Population"}, "pk": 5, "model": "referencepool.policydomain"}, {"fields": {"title": "Culture", "description": "Culture"}, "pk": 6, "model": "referencepool.policydomain"}, {"fields": {"title": "Infrastructure", "description": "Infrastructure"}, "pk": 7, "model": "referencepool.policydomain"}, {"fields": {"title": "Environment", "description": "Environment"}, "pk": 8, "model": "referencepool.policydomain"}, {"fields": {"title": "Agriculture", "description": "Agriculture"}, "pk": 9, "model": "referencepool.policydomain"}, {"fields": {"title": "Transport", "description": "Transport"}, "pk": 10, "model": "referencepool.policydomain"}, {"fields": {"title": "English", "code": "en"}, "pk": 1, "model": "referencepool.language"}, {"fields": {"title": "German", "code": "de"}, "pk": 2, "model": "referencepool.language"}, {"fields": {"title": "Spanish", "code": "es"}, "pk": 3, "model": "referencepool.language"}, {"fields": {"title": "Greek", "code": "el"}, "pk": 4, "model": "referencepool.language"}, {"fields": {"title": "Russian", "code": "ru"}, "pk": 5, "model": "referencepool.language"}, {"fields": {"url": "http://epp.eurostat.ec.europa.eu/", "api_url": "http://epp.eurostat.ec.europa.eu/portal/page/portal/sdmx_web_services/getting_started/rest_sdmx_2.1", "title": "Eurostat"}, "pk": 1, "model": "referencepool.externalresource"}, {"fields": {"url": "http://www.transparency.org/", "api_url": "http://www.transparency.org/", "title": "Transparency International"}, "pk": 2, "model": "referencepool.externalresource"}, {"fields": {"url": "http://data.worldbank.org/", "api_url": "http://data.worldbank.org/node/9", "title": "World Bank"}, "pk": 3, "model": "referencepool.externalresource"}, {"fields": {"url": "http://www.happyplanetindex.org/", "api_url": "http://www.happyplanetindex.org/", "title": "Happy Planet Index"}, "pk": 4, "model": "referencepool.externalresource"}, {"fields": {"url": "http://www.ssfindex.com/data/", "api_url": "http://www.ssfindex.com/data/", "title": "Sustainable Society Foundation"}, "pk": 5, "model": "referencepool.externalresource"}, {"fields": {"url": "http://stats.oecd.org/", "api_url": "http://stats.oecd.org/OpenDataAPI/OData.html", "title": "Organization for Economic Co-operation and Development "}, "pk": 6, "model": "referencepool.externalresource"}, {"fields": {"url": "http://www.numbeo.com/", "api_url": "http://www.numbeo.com/", "title": "Numbeo"}, "pk": 7, "model": "referencepool.externalresource"}, {"fields": {"title": "Length"}, "pk": 1, "model": "referencepool.unitcategory"}, {"fields": {"title": "Mass"}, "pk": 2, "model": "referencepool.unitcategory"}, {"fields": {"title": "Time"}, "pk": 3, "model": "referencepool.unitcategory"}, {"fields": {"title": "Currency"}, "pk": 4, "model": "referencepool.unitcategory"}, {"fields": {"title": "Entity"}, "pk": 5, "model": "referencepool.unitcategory"}, {"fields": {"title": "Unitless"}, "pk": 6, "model": "referencepool.unitcategory"}, {"fields": {"unit_category": 3, "title": "day", "description": "Day"}, "pk": 2, "model": "referencepool.unit"}, {"fields": {"unit_category": 3, "title": "month", "description": "Month"}, "pk": 3, "model": "referencepool.unit"}, {"fields": {"unit_category": 3, "title": "year", "description": "Year"}, "pk": 4, "model": "referencepool.unit"}, {"fields": {"unit_category": 3, "title": "decade", "description": "Decade"}, "pk": 5, "model": "referencepool.unit"}, {"fields": {"unit_category": 2, "title": "kg", "description": "Kilogram"}, "pk": 6, "model": "referencepool.unit"}, {"fields": {"unit_category": 1, "title": "m", "description": "Metre"}, "pk": 7, "model": "referencepool.unit"}, {"fields": {"unit_category": 4, "title": "Dollar", "description": "Dollar"}, "pk": 8, "model": "referencepool.unit"}, {"fields": {"unit_category": 4, "title": "Euro", "description": "Euro"}, "pk": 9, "model": "referencepool.unit"}, {"fields": {"unit_category": 4, "title": "Million Euro", "description": "Million Euro"}, "pk": 10, "model": "referencepool.unit"}, {"fields": {"unit_category": 5, "title": "Person", "description": "Person"}, "pk": 11, "model": "referencepool.unit"}, {"fields": {"unit_category": 6, "title": "Rate / Percentage", "description": "Rate"}, "pk": 12, "model": "referencepool.unit"}, {"fields": {"unit_category": 2, "title": "Tonnes", "description": "Tonnes"}, "pk": 13, "model": "referencepool.unit"}, {"fields": {"unit_category": 2, "title": "Thousand tonnes", "description": "Thousand tonnes"}, "pk": 14, "model": "referencepool.unit"}, {"fields": {"unit_category": 6, "title": "Rank", "description": "Rank"}, "pk": 15, "model": "referencepool.unit"}, {"fields": {"unit_category": 4, "title": "USD", "description": "United States Dollar"}, "pk": 16, "model": "referencepool.unit"}, {"fields": {"unit_category": 5, "title": "Crimes", "description": "Number of crimes"}, "pk": 17, "model": "referencepool.unit"}]