[
  {
    "fields": {
      "title": "Agriculture, Fisheries, Forestry, Foods",
      "description": "Agriculture, Fisheries, Forestry, Foods"
    },
    "pk": 1,
    "model": "referencepool.policydomain"
  },
  {
    "fields": {
      "title": "Education, Culture and Sport",
      "description": "Education, Culture and Sport"
    },
    "pk": 2,
    "model": "referencepool.policydomain"
  },
  {
    "fields": {
      "title": "Environment",
      "description": "Environment"
    },
    "pk": 3,
    "model": "referencepool.policydomain"
  },
  {
    "fields": {
      "title": "Energy",
      "description": "Energy"
    },
    "pk": 4,
    "model": "referencepool.policydomain"
  },
  {
    "fields": {
      "title": "Transport",
      "description": "Transport"
    },
    "pk": 5,
    "model": "referencepool.policydomain"
  },
  {
    "fields": {
      "title": "Science and Technology",
      "description": "Science and Technology"
    },
    "pk": 6,
    "model": "referencepool.policydomain"
  },
  {
    "fields": {
      "title": "Economy and Finance",
      "description": "Economy and Finance"
    },
    "pk": 7,
    "model": "referencepool.policydomain"
  },
  {
    "fields": {
      "title": "Population and Social Conditions",
      "description": "Population and Social Conditions"
    },
    "pk": 8,
    "model": "referencepool.policydomain"
  },
  {
    "fields": {
      "title": "Health",
      "description": "Health"
    },
    "pk": 9,
    "model": "referencepool.policydomain"
  },
  {
    "fields": {
      "title": "Government and Public Sector",
      "description": "Government and Public Sector"
    },
    "pk": 10,
    "model": "referencepool.policydomain"
  },
  {
    "fields": {
      "title": "Regions and Cities",
      "description": "Regions and Cities"
    },
    "pk": 11,
    "model": "referencepool.policydomain"
  },
  {
    "fields": {
      "title": "Justice, Legal System, Public Safety",
      "description": "Justice, Legal System, Public Safety"
    },
    "pk": 12,
    "model": "referencepool.policydomain"
  },
  {
    "fields": {
      "title": "International Issues",
      "description": "International Issues"
    },
    "pk": 13,
    "model": "referencepool.policydomain"
  },
  {
    "fields": {
      "title": "Afar",
      "code": "aa"
    },
    "pk": 1,
    "model": "referencepool.language"
  },
  {
    "fields": {
      "title": "Abkhazian",
      "code": "ab"
    },
    "pk": 2,
    "model": "referencepool.language"
  },
  {
    "fields": {
      "title": "Avestan",
      "code": "ae"
    },
    "pk": 3,
    "model": "referencepool.language"
  },
  {
    "fields": {
      "title": "Afrikaans",
      "code": "af"
    },
    "pk": 4,
    "model": "referencepool.language"
  },
  {
    "fields": {
      "title": "Akan",
      "code": "ak"
    },
    "pk": 5,
    "model": "referencepool.language"
  },
  {
    "fields": {
      "title": "Amharic",
      "code": "am"
    },
    "pk": 6,
    "model": "referencepool.language"
  },
  {
    "fields": {
      "title": "Aragonese",
      "code": "an"
    },
    "pk": 7,
    "model": "referencepool.language"
  },
  {
    "fields": {
      "title": "Arabic",
      "code": "ar"
    },
    "pk": 8,
    "model": "referencepool.language"
  },
  {
    "fields": {
      "title": "Assamese",
      "code": "as"
    },
    "pk": 9,
    "model": "referencepool.language"
  },
  {
    "fields": {
      "title": "Avaric",
      "code": "av"
    },
    "pk": 10,
    "model": "referencepool.language"
  },
  {
    "fields": {
      "title": "Aymara",
      "code": "ay"
    },
    "pk": 11,
    "model": "referencepool.language"
  },
  {
    "fields": {
      "title": "Azerbaijani",
      "code": "az"
    },
    "pk": 12,
    "model": "referencepool.language"
  },
  {
    "fields": {
      "title": "Bashkir",
      "code": "ba"
    },
    "pk": 13,
    "model": "referencepool.language"
  },
  {
    "fields": {
      "title": "Belarusian",
      "code": "be"
    },
    "pk": 14,
    "model": "referencepool.language"
  },
  {
    "fields": {
      "title": "Bulgarian",
      "code": "bg"
    },
    "pk": 15,
    "model": "referencepool.language"
  },
  {
    "fields": {
      "title": "Bihari languages",
      "code": "bh"
    },
    "pk": 16,
    "model": "referencepool.language"
  },
  {
    "fields": {
      "title": "Bislama",
      "code": "bi"
    },
    "pk": 17,
    "model": "referencepool.language"
  },
  {
    "fields": {
      "title": "Bambara",
      "code": "bm"
    },
    "pk": 18,
    "model": "referencepool.language"
  },
  {
    "fields": {
      "title": "Bengali",
      "code": "bn"
    },
    "pk": 19,
    "model": "referencepool.language"
  },
  {
    "fields": {
      "title": "Tibetan",
      "code": "bo"
    },
    "pk": 20,
    "model": "referencepool.language"
  },
  {
    "fields": {
      "title": "Breton",
      "code": "br"
    },
    "pk": 21,
    "model": "referencepool.language"
  },
  {
    "fields": {
      "title": "Bosnian",
      "code": "bs"
    },
    "pk": 22,
    "model": "referencepool.language"
  },
  {
    "fields": {
      "title": "Catalan; Valencian",
      "code": "ca"
    },
    "pk": 23,
    "model": "referencepool.language"
  },
  {
    "fields": {
      "title": "Chechen",
      "code": "ce"
    },
    "pk": 24,
    "model": "referencepool.language"
  },
  {
    "fields": {
      "title": "Chamorro",
      "code": "ch"
    },
    "pk": 25,
    "model": "referencepool.language"
  },
  {
    "fields": {
      "title": "Corsican",
      "code": "co"
    },
    "pk": 26,
    "model": "referencepool.language"
  },
  {
    "fields": {
      "title": "Cree",
      "code": "cr"
    },
    "pk": 27,
    "model": "referencepool.language"
  },
  {
    "fields": {
      "title": "Czech",
      "code": "cs"
    },
    "pk": 28,
    "model": "referencepool.language"
  },
  {
    "fields": {
      "title": "Church Slavic; Old Slavonic; Church Slavonic; Old Bulgarian; Old Church Slavonic",
      "code": "cu"
    },
    "pk": 29,
    "model": "referencepool.language"
  },
  {
    "fields": {
      "title": "Chuvash",
      "code": "cv"
    },
    "pk": 30,
    "model": "referencepool.language"
  },
  {
    "fields": {
      "title": "Welsh",
      "code": "cy"
    },
    "pk": 31,
    "model": "referencepool.language"
  },
  {
    "fields": {
      "title": "Danish",
      "code": "da"
    },
    "pk": 32,
    "model": "referencepool.language"
  },
  {
    "fields": {
      "title": "German",
      "code": "de"
    },
    "pk": 33,
    "model": "referencepool.language"
  },
  {
    "fields": {
      "title": "Divehi; Dhivehi; Maldivian",
      "code": "dv"
    },
    "pk": 34,
    "model": "referencepool.language"
  },
  {
    "fields": {
      "title": "Dzongkha",
      "code": "dz"
    },
    "pk": 35,
    "model": "referencepool.language"
  },
  {
    "fields": {
      "title": "Ewe",
      "code": "ee"
    },
    "pk": 36,
    "model": "referencepool.language"
  },
  {
    "fields": {
      "title": "Greek",
      "code": "el"
    },
    "pk": 37,
    "model": "referencepool.language"
  },
  {
    "fields": {
      "title": "English",
      "code": "en"
    },
    "pk": 38,
    "model": "referencepool.language"
  },
  {
    "fields": {
      "title": "Esperanto",
      "code": "eo"
    },
    "pk": 39,
    "model": "referencepool.language"
  },
  {
    "fields": {
      "title": "Spanish; Castilian",
      "code": "es"
    },
    "pk": 40,
    "model": "referencepool.language"
  },
  {
    "fields": {
      "title": "Estonian",
      "code": "et"
    },
    "pk": 41,
    "model": "referencepool.language"
  },
  {
    "fields": {
      "title": "Basque",
      "code": "eu"
    },
    "pk": 42,
    "model": "referencepool.language"
  },
  {
    "fields": {
      "title": "Persian",
      "code": "fa"
    },
    "pk": 43,
    "model": "referencepool.language"
  },
  {
    "fields": {
      "title": "Fulah",
      "code": "ff"
    },
    "pk": 44,
    "model": "referencepool.language"
  },
  {
    "fields": {
      "title": "Finnish",
      "code": "fi"
    },
    "pk": 45,
    "model": "referencepool.language"
  },
  {
    "fields": {
      "title": "Fijian",
      "code": "fj"
    },
    "pk": 46,
    "model": "referencepool.language"
  },
  {
    "fields": {
      "title": "Faroese",
      "code": "fo"
    },
    "pk": 47,
    "model": "referencepool.language"
  },
  {
    "fields": {
      "title": "French",
      "code": "fr"
    },
    "pk": 48,
    "model": "referencepool.language"
  },
  {
    "fields": {
      "title": "Western Frisian",
      "code": "fy"
    },
    "pk": 49,
    "model": "referencepool.language"
  },
  {
    "fields": {
      "title": "Irish",
      "code": "ga"
    },
    "pk": 50,
    "model": "referencepool.language"
  },
  {
    "fields": {
      "title": "Gaelic; Scottish Gaelic",
      "code": "gd"
    },
    "pk": 51,
    "model": "referencepool.language"
  },
  {
    "fields": {
      "title": "Galician",
      "code": "gl"
    },
    "pk": 52,
    "model": "referencepool.language"
  },
  {
    "fields": {
      "title": "Guarani",
      "code": "gn"
    },
    "pk": 53,
    "model": "referencepool.language"
  },
  {
    "fields": {
      "title": "Gujarati",
      "code": "gu"
    },
    "pk": 54,
    "model": "referencepool.language"
  },
  {
    "fields": {
      "title": "Manx",
      "code": "gv"
    },
    "pk": 55,
    "model": "referencepool.language"
  },
  {
    "fields": {
      "title": "Hausa",
      "code": "ha"
    },
    "pk": 56,
    "model": "referencepool.language"
  },
  {
    "fields": {
      "title": "Hebrew",
      "code": "he"
    },
    "pk": 57,
    "model": "referencepool.language"
  },
  {
    "fields": {
      "title": "Hindi",
      "code": "hi"
    },
    "pk": 58,
    "model": "referencepool.language"
  },
  {
    "fields": {
      "title": "Hiri Motu",
      "code": "ho"
    },
    "pk": 59,
    "model": "referencepool.language"
  },
  {
    "fields": {
      "title": "Croatian",
      "code": "hr"
    },
    "pk": 60,
    "model": "referencepool.language"
  },
  {
    "fields": {
      "title": "Haitian; Haitian Creole",
      "code": "ht"
    },
    "pk": 61,
    "model": "referencepool.language"
  },
  {
    "fields": {
      "title": "Hungarian",
      "code": "hu"
    },
    "pk": 62,
    "model": "referencepool.language"
  },
  {
    "fields": {
      "title": "Armenian",
      "code": "hy"
    },
    "pk": 63,
    "model": "referencepool.language"
  },
  {
    "fields": {
      "title": "Herero",
      "code": "hz"
    },
    "pk": 64,
    "model": "referencepool.language"
  },
  {
    "fields": {
      "title": "Interlingua (International Auxiliary Language Association)",
      "code": "ia"
    },
    "pk": 65,
    "model": "referencepool.language"
  },
  {
    "fields": {
      "title": "Indonesian",
      "code": "id"
    },
    "pk": 66,
    "model": "referencepool.language"
  },
  {
    "fields": {
      "title": "Interlingue; Occidental",
      "code": "ie"
    },
    "pk": 67,
    "model": "referencepool.language"
  },
  {
    "fields": {
      "title": "Igbo",
      "code": "ig"
    },
    "pk": 68,
    "model": "referencepool.language"
  },
  {
    "fields": {
      "title": "Sichuan Yi; Nuosu",
      "code": "ii"
    },
    "pk": 69,
    "model": "referencepool.language"
  },
  {
    "fields": {
      "title": "Inupiaq",
      "code": "ik"
    },
    "pk": 70,
    "model": "referencepool.language"
  },
  {
    "fields": {
      "title": "Ido",
      "code": "io"
    },
    "pk": 71,
    "model": "referencepool.language"
  },
  {
    "fields": {
      "title": "Icelandic",
      "code": "is"
    },
    "pk": 72,
    "model": "referencepool.language"
  },
  {
    "fields": {
      "title": "Italian",
      "code": "it"
    },
    "pk": 73,
    "model": "referencepool.language"
  },
  {
    "fields": {
      "title": "Inuktitut",
      "code": "iu"
    },
    "pk": 74,
    "model": "referencepool.language"
  },
  {
    "fields": {
      "title": "Japanese",
      "code": "ja"
    },
    "pk": 75,
    "model": "referencepool.language"
  },
  {
    "fields": {
      "title": "Javanese",
      "code": "jv"
    },
    "pk": 76,
    "model": "referencepool.language"
  },
  {
    "fields": {
      "title": "Georgian",
      "code": "ka"
    },
    "pk": 77,
    "model": "referencepool.language"
  },
  {
    "fields": {
      "title": "Kongo",
      "code": "kg"
    },
    "pk": 78,
    "model": "referencepool.language"
  },
  {
    "fields": {
      "title": "Kikuyu; Gikuyu",
      "code": "ki"
    },
    "pk": 79,
    "model": "referencepool.language"
  },
  {
    "fields": {
      "title": "Kuanyama; Kwanyama",
      "code": "kj"
    },
    "pk": 80,
    "model": "referencepool.language"
  },
  {
    "fields": {
      "title": "Kazakh",
      "code": "kk"
    },
    "pk": 81,
    "model": "referencepool.language"
  },
  {
    "fields": {
      "title": "Kalaallisut; Greenlandic",
      "code": "kl"
    },
    "pk": 82,
    "model": "referencepool.language"
  },
  {
    "fields": {
      "title": "Central Khmer",
      "code": "km"
    },
    "pk": 83,
    "model": "referencepool.language"
  },
  {
    "fields": {
      "title": "Kannada",
      "code": "kn"
    },
    "pk": 84,
    "model": "referencepool.language"
  },
  {
    "fields": {
      "title": "Korean",
      "code": "ko"
    },
    "pk": 85,
    "model": "referencepool.language"
  },
  {
    "fields": {
      "title": "Kanuri",
      "code": "kr"
    },
    "pk": 86,
    "model": "referencepool.language"
  },
  {
    "fields": {
      "title": "Kashmiri",
      "code": "ks"
    },
    "pk": 87,
    "model": "referencepool.language"
  },
  {
    "fields": {
      "title": "Kurdish",
      "code": "ku"
    },
    "pk": 88,
    "model": "referencepool.language"
  },
  {
    "fields": {
      "title": "Komi",
      "code": "kv"
    },
    "pk": 89,
    "model": "referencepool.language"
  },
  {
    "fields": {
      "title": "Cornish",
      "code": "kw"
    },
    "pk": 90,
    "model": "referencepool.language"
  },
  {
    "fields": {
      "title": "Kirghiz; Kyrgyz",
      "code": "ky"
    },
    "pk": 91,
    "model": "referencepool.language"
  },
  {
    "fields": {
      "title": "Latin",
      "code": "la"
    },
    "pk": 92,
    "model": "referencepool.language"
  },
  {
    "fields": {
      "title": "Luxembourgish; Letzeburgesch",
      "code": "lb"
    },
    "pk": 93,
    "model": "referencepool.language"
  },
  {
    "fields": {
      "title": "Ganda",
      "code": "lg"
    },
    "pk": 94,
    "model": "referencepool.language"
  },
  {
    "fields": {
      "title": "Limburgan; Limburger; Limburgish",
      "code": "li"
    },
    "pk": 95,
    "model": "referencepool.language"
  },
  {
    "fields": {
      "title": "Lingala",
      "code": "ln"
    },
    "pk": 96,
    "model": "referencepool.language"
  },
  {
    "fields": {
      "title": "Lao",
      "code": "lo"
    },
    "pk": 97,
    "model": "referencepool.language"
  },
  {
    "fields": {
      "title": "Lithuanian",
      "code": "lt"
    },
    "pk": 98,
    "model": "referencepool.language"
  },
  {
    "fields": {
      "title": "Luba-Katanga",
      "code": "lu"
    },
    "pk": 99,
    "model": "referencepool.language"
  },
  {
    "fields": {
      "title": "Latvian",
      "code": "lv"
    },
    "pk": 100,
    "model": "referencepool.language"
  },
  {
    "fields": {
      "title": "Malagasy",
      "code": "mg"
    },
    "pk": 101,
    "model": "referencepool.language"
  },
  {
    "fields": {
      "title": "Marshallese",
      "code": "mh"
    },
    "pk": 102,
    "model": "referencepool.language"
  },
  {
    "fields": {
      "title": "Maori",
      "code": "mi"
    },
    "pk": 103,
    "model": "referencepool.language"
  },
  {
    "fields": {
      "title": "Macedonian",
      "code": "mk"
    },
    "pk": 104,
    "model": "referencepool.language"
  },
  {
    "fields": {
      "title": "Malayalam",
      "code": "ml"
    },
    "pk": 105,
    "model": "referencepool.language"
  },
  {
    "fields": {
      "title": "Mongolian",
      "code": "mn"
    },
    "pk": 106,
    "model": "referencepool.language"
  },
  {
    "fields": {
      "title": "Marathi",
      "code": "mr"
    },
    "pk": 107,
    "model": "referencepool.language"
  },
  {
    "fields": {
      "title": "Malay",
      "code": "ms"
    },
    "pk": 108,
    "model": "referencepool.language"
  },
  {
    "fields": {
      "title": "Maltese",
      "code": "mt"
    },
    "pk": 109,
    "model": "referencepool.language"
  },
  {
    "fields": {
      "title": "Burmese",
      "code": "my"
    },
    "pk": 110,
    "model": "referencepool.language"
  },
  {
    "fields": {
      "title": "Nauru",
      "code": "na"
    },
    "pk": 111,
    "model": "referencepool.language"
  },
  {
    "fields": {
      "title": "Bokm\u00e5l, Norwegian; Norwegian Bokm\u00e5l",
      "code": "nb"
    },
    "pk": 112,
    "model": "referencepool.language"
  },
  {
    "fields": {
      "title": "Ndebele, North; North Ndebele",
      "code": "nd"
    },
    "pk": 113,
    "model": "referencepool.language"
  },
  {
    "fields": {
      "title": "Nepali",
      "code": "ne"
    },
    "pk": 114,
    "model": "referencepool.language"
  },
  {
    "fields": {
      "title": "Ndonga",
      "code": "ng"
    },
    "pk": 115,
    "model": "referencepool.language"
  },
  {
    "fields": {
      "title": "Dutch; Flemish",
      "code": "nl"
    },
    "pk": 116,
    "model": "referencepool.language"
  },
  {
    "fields": {
      "title": "Norwegian Nynorsk; Nynorsk, Norwegian",
      "code": "nn"
    },
    "pk": 117,
    "model": "referencepool.language"
  },
  {
    "fields": {
      "title": "Norwegian",
      "code": "no"
    },
    "pk": 118,
    "model": "referencepool.language"
  },
  {
    "fields": {
      "title": "Ndebele, South; South Ndebele",
      "code": "nr"
    },
    "pk": 119,
    "model": "referencepool.language"
  },
  {
    "fields": {
      "title": "Navajo; Navaho",
      "code": "nv"
    },
    "pk": 120,
    "model": "referencepool.language"
  },
  {
    "fields": {
      "title": "Chichewa; Chewa; Nyanja",
      "code": "ny"
    },
    "pk": 121,
    "model": "referencepool.language"
  },
  {
    "fields": {
      "title": "Occitan (post 1500); Proven\u00e7al",
      "code": "oc"
    },
    "pk": 122,
    "model": "referencepool.language"
  },
  {
    "fields": {
      "title": "Ojibwa",
      "code": "oj"
    },
    "pk": 123,
    "model": "referencepool.language"
  },
  {
    "fields": {
      "title": "Oromo",
      "code": "om"
    },
    "pk": 124,
    "model": "referencepool.language"
  },
  {
    "fields": {
      "title": "Oriya",
      "code": "or"
    },
    "pk": 125,
    "model": "referencepool.language"
  },
  {
    "fields": {
      "title": "Ossetian; Ossetic",
      "code": "os"
    },
    "pk": 126,
    "model": "referencepool.language"
  },
  {
    "fields": {
      "title": "Panjabi; Punjabi",
      "code": "pa"
    },
    "pk": 127,
    "model": "referencepool.language"
  },
  {
    "fields": {
      "title": "Pali",
      "code": "pi"
    },
    "pk": 128,
    "model": "referencepool.language"
  },
  {
    "fields": {
      "title": "Polish",
      "code": "pl"
    },
    "pk": 129,
    "model": "referencepool.language"
  },
  {
    "fields": {
      "title": "Pushto; Pashto",
      "code": "ps"
    },
    "pk": 130,
    "model": "referencepool.language"
  },
  {
    "fields": {
      "title": "Portuguese",
      "code": "pt"
    },
    "pk": 131,
    "model": "referencepool.language"
  },
  {
    "fields": {
      "title": "Quechua",
      "code": "qu"
    },
    "pk": 132,
    "model": "referencepool.language"
  },
  {
    "fields": {
      "title": "Romansh",
      "code": "rm"
    },
    "pk": 133,
    "model": "referencepool.language"
  },
  {
    "fields": {
      "title": "Rundi",
      "code": "rn"
    },
    "pk": 134,
    "model": "referencepool.language"
  },
  {
    "fields": {
      "title": "Romanian; Moldavian; Moldovan",
      "code": "ro"
    },
    "pk": 135,
    "model": "referencepool.language"
  },
  {
    "fields": {
      "title": "Russian",
      "code": "ru"
    },
    "pk": 136,
    "model": "referencepool.language"
  },
  {
    "fields": {
      "title": "Kinyarwanda",
      "code": "rw"
    },
    "pk": 137,
    "model": "referencepool.language"
  },
  {
    "fields": {
      "title": "Sanskrit",
      "code": "sa"
    },
    "pk": 138,
    "model": "referencepool.language"
  },
  {
    "fields": {
      "title": "Sardinian",
      "code": "sc"
    },
    "pk": 139,
    "model": "referencepool.language"
  },
  {
    "fields": {
      "title": "Sindhi",
      "code": "sd"
    },
    "pk": 140,
    "model": "referencepool.language"
  },
  {
    "fields": {
      "title": "Northern Sami",
      "code": "se"
    },
    "pk": 141,
    "model": "referencepool.language"
  },
  {
    "fields": {
      "title": "Sango",
      "code": "sg"
    },
    "pk": 142,
    "model": "referencepool.language"
  },
  {
    "fields": {
      "title": "Sinhala; Sinhalese",
      "code": "si"
    },
    "pk": 143,
    "model": "referencepool.language"
  },
  {
    "fields": {
      "title": "Slovak",
      "code": "sk"
    },
    "pk": 144,
    "model": "referencepool.language"
  },
  {
    "fields": {
      "title": "Slovenian",
      "code": "sl"
    },
    "pk": 145,
    "model": "referencepool.language"
  },
  {
    "fields": {
      "title": "Samoan",
      "code": "sm"
    },
    "pk": 146,
    "model": "referencepool.language"
  },
  {
    "fields": {
      "title": "Shona",
      "code": "sn"
    },
    "pk": 147,
    "model": "referencepool.language"
  },
  {
    "fields": {
      "title": "Somali",
      "code": "so"
    },
    "pk": 148,
    "model": "referencepool.language"
  },
  {
    "fields": {
      "title": "Albanian",
      "code": "sq"
    },
    "pk": 149,
    "model": "referencepool.language"
  },
  {
    "fields": {
      "title": "Serbian",
      "code": "sr"
    },
    "pk": 150,
    "model": "referencepool.language"
  },
  {
    "fields": {
      "title": "Swati",
      "code": "ss"
    },
    "pk": 151,
    "model": "referencepool.language"
  },
  {
    "fields": {
      "title": "Sotho, Southern",
      "code": "st"
    },
    "pk": 152,
    "model": "referencepool.language"
  },
  {
    "fields": {
      "title": "Sundanese",
      "code": "su"
    },
    "pk": 153,
    "model": "referencepool.language"
  },
  {
    "fields": {
      "title": "Swedish",
      "code": "sv"
    },
    "pk": 154,
    "model": "referencepool.language"
  },
  {
    "fields": {
      "title": "Swahili",
      "code": "sw"
    },
    "pk": 155,
    "model": "referencepool.language"
  },
  {
    "fields": {
      "title": "Tamil",
      "code": "ta"
    },
    "pk": 156,
    "model": "referencepool.language"
  },
  {
    "fields": {
      "title": "Telugu",
      "code": "te"
    },
    "pk": 157,
    "model": "referencepool.language"
  },
  {
    "fields": {
      "title": "Tajik",
      "code": "tg"
    },
    "pk": 158,
    "model": "referencepool.language"
  },
  {
    "fields": {
      "title": "Thai",
      "code": "th"
    },
    "pk": 159,
    "model": "referencepool.language"
  },
  {
    "fields": {
      "title": "Tigrinya",
      "code": "ti"
    },
    "pk": 160,
    "model": "referencepool.language"
  },
  {
    "fields": {
      "title": "Turkmen",
      "code": "tk"
    },
    "pk": 161,
    "model": "referencepool.language"
  },
  {
    "fields": {
      "title": "Tagalog",
      "code": "tl"
    },
    "pk": 162,
    "model": "referencepool.language"
  },
  {
    "fields": {
      "title": "Tswana",
      "code": "tn"
    },
    "pk": 163,
    "model": "referencepool.language"
  },
  {
    "fields": {
      "title": "Tonga (Tonga Islands)",
      "code": "to"
    },
    "pk": 164,
    "model": "referencepool.language"
  },
  {
    "fields": {
      "title": "Turkish",
      "code": "tr"
    },
    "pk": 165,
    "model": "referencepool.language"
  },
  {
    "fields": {
      "title": "Tsonga",
      "code": "ts"
    },
    "pk": 166,
    "model": "referencepool.language"
  },
  {
    "fields": {
      "title": "Tatar",
      "code": "tt"
    },
    "pk": 167,
    "model": "referencepool.language"
  },
  {
    "fields": {
      "title": "Twi",
      "code": "tw"
    },
    "pk": 168,
    "model": "referencepool.language"
  },
  {
    "fields": {
      "title": "Tahitian",
      "code": "ty"
    },
    "pk": 169,
    "model": "referencepool.language"
  },
  {
    "fields": {
      "title": "Uighur; Uyghur",
      "code": "ug"
    },
    "pk": 170,
    "model": "referencepool.language"
  },
  {
    "fields": {
      "title": "Ukrainian",
      "code": "uk"
    },
    "pk": 171,
    "model": "referencepool.language"
  },
  {
    "fields": {
      "title": "Urdu",
      "code": "ur"
    },
    "pk": 172,
    "model": "referencepool.language"
  },
  {
    "fields": {
      "title": "Uzbek",
      "code": "uz"
    },
    "pk": 173,
    "model": "referencepool.language"
  },
  {
    "fields": {
      "title": "Venda",
      "code": "ve"
    },
    "pk": 174,
    "model": "referencepool.language"
  },
  {
    "fields": {
      "title": "Vietnamese",
      "code": "vi"
    },
    "pk": 175,
    "model": "referencepool.language"
  },
  {
    "fields": {
      "title": "Volap\u00fck",
      "code": "vo"
    },
    "pk": 176,
    "model": "referencepool.language"
  },
  {
    "fields": {
      "title": "Walloon",
      "code": "wa"
    },
    "pk": 177,
    "model": "referencepool.language"
  },
  {
    "fields": {
      "title": "Wolof",
      "code": "wo"
    },
    "pk": 178,
    "model": "referencepool.language"
  },
  {
    "fields": {
      "title": "Xhosa",
      "code": "xh"
    },
    "pk": 179,
    "model": "referencepool.language"
  },
  {
    "fields": {
      "title": "Yiddish",
      "code": "yi"
    },
    "pk": 180,
    "model": "referencepool.language"
  },
  {
    "fields": {
      "title": "Yoruba",
      "code": "yo"
    },
    "pk": 181,
    "model": "referencepool.language"
  },
  {
    "fields": {
      "title": "Zhuang; Chuang",
      "code": "za"
    },
    "pk": 182,
    "model": "referencepool.language"
  },
  {
    "fields": {
      "title": "Chinese",
      "code": "zh"
    },
    "pk": 183,
    "model": "referencepool.language"
  },
  {
    "fields": {
      "title": "Zulu",
      "code": "zu"
    },
    "pk": 184,
    "model": "referencepool.language"
  },
  {
    "fields": {
      "title": "odaa.kk",
      "url": "http://odaa.kk",
      "api_url": "http://odaa.kk"
    },
    "pk": 1,
    "model": "referencepool.externalresource"
  },
  {
    "fields": {
      "title": "dadesobertes.gencat.cat",
      "url": "http://dadesobertes.gencat.cat",
      "api_url": "http://dadesobertes.gencat.cat"
    },
    "pk": 2,
    "model": "referencepool.externalresource"
  },
  {
    "fields": {
      "title": "data.belgium.be",
      "url": "http://data.belgium.be",
      "api_url": "http://data.belgium.be"
    },
    "pk": 3,
    "model": "referencepool.externalresource"
  },
  {
    "fields": {
      "title": "data.gov.sk",
      "url": "http://data.gov.sk",
      "api_url": "http://data.gov.sk"
    },
    "pk": 4,
    "model": "referencepool.externalresource"
  },
  {
    "fields": {
      "title": "www.juntadeandalucia.es",
      "url": "http://www.juntadeandalucia.es",
      "api_url": "http://www.juntadeandalucia.es"
    },
    "pk": 5,
    "model": "referencepool.externalresource"
  },
  {
    "fields": {
      "title": "opendata.hro.de",
      "url": "http://opendata.hro.de",
      "api_url": "http://opendata.hro.de"
    },
    "pk": 6,
    "model": "referencepool.externalresource"
  },
  {
    "fields": {
      "title": "opendata.hu",
      "url": "http://opendata.hu",
      "api_url": "http://opendata.hu"
    },
    "pk": 7,
    "model": "referencepool.externalresource"
  },
  {
    "fields": {
      "title": "opendata.admin.ch",
      "url": "http://opendata.admin.ch",
      "api_url": "http://opendata.admin.ch"
    },
    "pk": 8,
    "model": "referencepool.externalresource"
  },
  {
    "fields": {
      "title": "data.gov.ie",
      "url": "http://data.gov.ie",
      "api_url": "http://data.gov.ie"
    },
    "pk": 9,
    "model": "referencepool.externalresource"
  },
  {
    "fields": {
      "title": "opendata.bordeaux.fr",
      "url": "http://opendata.bordeaux.fr",
      "api_url": "http://opendata.bordeaux.fr"
    },
    "pk": 10,
    "model": "referencepool.externalresource"
  },
  {
    "fields": {
      "title": "ckan.opendatacanarias.es",
      "url": "http://ckan.opendatacanarias.es",
      "api_url": "http://ckan.opendatacanarias.es"
    },
    "pk": 11,
    "model": "referencepool.externalresource"
  },
  {
    "fields": {
      "title": "daten.berlin.de",
      "url": "http://daten.berlin.de",
      "api_url": "http://daten.berlin.de"
    },
    "pk": 12,
    "model": "referencepool.externalresource"
  },
  {
    "fields": {
      "title": "data.gv.at",
      "url": "http://data.gv.at",
      "api_url": "http://data.gv.at"
    },
    "pk": 13,
    "model": "referencepool.externalresource"
  },
  {
    "fields": {
      "title": "openadata.service.bw.de",
      "url": "http://openadata.service.bw.de",
      "api_url": "http://openadata.service.bw.de"
    },
    "pk": 14,
    "model": "referencepool.externalresource"
  },
  {
    "fields": {
      "title": "dati.veneto.it",
      "url": "http://dati.veneto.it",
      "api_url": "http://dati.veneto.it"
    },
    "pk": 15,
    "model": "referencepool.externalresource"
  },
  {
    "fields": {
      "title": "opendata.antwerpen.be",
      "url": "http://opendata.antwerpen.be",
      "api_url": "http://opendata.antwerpen.be"
    },
    "pk": 16,
    "model": "referencepool.externalresource"
  },
  {
    "fields": {
      "title": "govdata.de",
      "url": "http://govdata.de",
      "api_url": "http://govdata.de"
    },
    "pk": 17,
    "model": "referencepool.externalresource"
  },
  {
    "fields": {
      "title": "ckan.data.linz.gv.at",
      "url": "http://ckan.data.linz.gv.at",
      "api_url": "http://ckan.data.linz.gv.at"
    },
    "pk": 18,
    "model": "referencepool.externalresource"
  },
  {
    "fields": {
      "title": "daten.rlp.de",
      "url": "http://daten.rlp.de",
      "api_url": "http://daten.rlp.de"
    },
    "pk": 19,
    "model": "referencepool.externalresource"
  },
  {
    "fields": {
      "title": "rs.ckan.net",
      "url": "http://rs.ckan.net",
      "api_url": "http://rs.ckan.net"
    },
    "pk": 20,
    "model": "referencepool.externalresource"
  },
  {
    "fields": {
      "title": "data.ktn.gv.at",
      "url": "http://data.ktn.gv.at",
      "api_url": "http://data.ktn.gv.at"
    },
    "pk": 21,
    "model": "referencepool.externalresource"
  },
  {
    "fields": {
      "title": "opendata.euskadi.net",
      "url": "http://opendata.euskadi.net",
      "api_url": "http://opendata.euskadi.net"
    },
    "pk": 22,
    "model": "referencepool.externalresource"
  },
  {
    "fields": {
      "title": "dati.venezia.it",
      "url": "http://dati.venezia.it",
      "api_url": "http://dati.venezia.it"
    },
    "pk": 23,
    "model": "referencepool.externalresource"
  },
  {
    "fields": {
      "title": "data.kk.dk",
      "url": "http://data.kk.dk",
      "api_url": "http://data.kk.dk"
    },
    "pk": 24,
    "model": "referencepool.externalresource"
  },
  {
    "fields": {
      "title": "data.glasgow.gov.uk",
      "url": "http://data.glasgow.gov.uk",
      "api_url": "http://data.glasgow.gov.uk"
    },
    "pk": 25,
    "model": "referencepool.externalresource"
  },
  {
    "fields": {
      "title": "opendata.provincia.roma.it",
      "url": "http://opendata.provincia.roma.it",
      "api_url": "http://opendata.provincia.roma.it"
    },
    "pk": 26,
    "model": "referencepool.externalresource"
  },
  {
    "fields": {
      "title": "open.wien.at",
      "url": "http://open.wien.at",
      "api_url": "http://open.wien.at"
    },
    "pk": 27,
    "model": "referencepool.externalresource"
  },
  {
    "fields": {
      "title": "se",
      "url": "http://se",
      "api_url": "http://se"
    },
    "pk": 28,
    "model": "referencepool.externalresource"
  },
  {
    "fields": {
      "title": "data.opendataforum.info",
      "url": "http://data.opendataforum.info",
      "api_url": "http://data.opendataforum.info"
    },
    "pk": 29,
    "model": "referencepool.externalresource"
  },
  {
    "fields": {
      "title": "data.bris.ac.uk",
      "url": "http://data.bris.ac.uk",
      "api_url": "http://data.bris.ac.uk"
    },
    "pk": 30,
    "model": "referencepool.externalresource"
  },
  {
    "fields": {
      "title": "data.opendataportal.at",
      "url": "http://data.opendataportal.at",
      "api_url": "http://data.opendataportal.at"
    },
    "pk": 31,
    "model": "referencepool.externalresource"
  },
  {
    "fields": {
      "title": "opendata.cmt.es",
      "url": "http://opendata.cmt.es",
      "api_url": "http://opendata.cmt.es"
    },
    "pk": 32,
    "model": "referencepool.externalresource"
  },
  {
    "fields": {
      "title": "rotterdamopendata.nl",
      "url": "http://rotterdamopendata.nl",
      "api_url": "http://rotterdamopendata.nl"
    },
    "pk": 33,
    "model": "referencepool.externalresource"
  },
  {
    "fields": {
      "title": "transparencia.gijon.es",
      "url": "http://transparencia.gijon.es",
      "api_url": "http://transparencia.gijon.es"
    },
    "pk": 34,
    "model": "referencepool.externalresource"
  },
  {
    "fields": {
      "title": "opengov.es",
      "url": "http://opengov.es",
      "api_url": "http://opengov.es"
    },
    "pk": 35,
    "model": "referencepool.externalresource"
  },
  {
    "fields": {
      "title": "dati.gov.it",
      "url": "http://dati.gov.it",
      "api_url": "http://dati.gov.it"
    },
    "pk": 36,
    "model": "referencepool.externalresource"
  },
  {
    "fields": {
      "title": "data.upf.edu",
      "url": "http://data.upf.edu",
      "api_url": "http://data.upf.edu"
    },
    "pk": 37,
    "model": "referencepool.externalresource"
  },
  {
    "fields": {
      "title": "cz.ckan.net",
      "url": "http://cz.ckan.net",
      "api_url": "http://cz.ckan.net"
    },
    "pk": 38,
    "model": "referencepool.externalresource"
  },
  {
    "fields": {
      "title": "dados.madrid.es",
      "url": "http://dados.madrid.es",
      "api_url": "http://dados.madrid.es"
    },
    "pk": 39,
    "model": "referencepool.externalresource"
  },
  {
    "fields": {
      "title": "data.gov.uk",
      "url": "http://data.gov.uk",
      "api_url": "http://data.gov.uk"
    },
    "pk": 40,
    "model": "referencepool.externalresource"
  },
  {
    "fields": {
      "title": "open.data.europa.eu",
      "url": "http://open.data.europa.eu",
      "api_url": "http://open.data.europa.eu"
    },
    "pk": 41,
    "model": "referencepool.externalresource"
  },
  {
    "fields": {
      "title": "hri.fin",
      "url": "http://hri.fin",
      "api_url": "http://hri.fin"
    },
    "pk": 42,
    "model": "referencepool.externalresource"
  },
  {
    "fields": {
      "title": "it.ckan.net",
      "url": "http://it.ckan.net",
      "api_url": "http://it.ckan.net"
    },
    "pk": 43,
    "model": "referencepool.externalresource"
  },
  {
    "fields": {
      "title": "opendata.ayto.caceres.es",
      "url": "http://opendata.ayto.caceres.es",
      "api_url": "http://opendata.ayto.caceres.es"
    },
    "pk": 44,
    "model": "referencepool.externalresource"
  },
  {
    "fields": {
      "title": "datosabiertos.jcyl.es",
      "url": "http://datosabiertos.jcyl.es",
      "api_url": "http://datosabiertos.jcyl.es"
    },
    "pk": 45,
    "model": "referencepool.externalresource"
  },
  {
    "fields": {
      "title": "ckan.data.graz.gv.at",
      "url": "http://ckan.data.graz.gv.at",
      "api_url": "http://ckan.data.graz.gv.at"
    },
    "pk": 46,
    "model": "referencepool.externalresource"
  },
  {
    "fields": {
      "title": "dati.toscana.it",
      "url": "http://dati.toscana.it",
      "api_url": "http://dati.toscana.it"
    },
    "pk": 47,
    "model": "referencepool.externalresource"
  },
  {
    "fields": {
      "title": "opendata.montpelliernumerique.fr",
      "url": "http://opendata.montpelliernumerique.fr",
      "api_url": "http://opendata.montpelliernumerique.fr"
    },
    "pk": 48,
    "model": "referencepool.externalresource"
  },
  {
    "fields": {
      "title": "dati.trentino.it",
      "url": "http://dati.trentino.it",
      "api_url": "http://dati.trentino.it"
    },
    "pk": 49,
    "model": "referencepool.externalresource"
  },
  {
    "fields": {
      "title": "datiopen.it",
      "url": "http://datiopen.it",
      "api_url": "http://datiopen.it"
    },
    "pk": 50,
    "model": "referencepool.externalresource"
  },
  {
    "fields": {
      "title": "data.gov.ro",
      "url": "http://data.gov.ro",
      "api_url": "http://data.gov.ro"
    },
    "pk": 51,
    "model": "referencepool.externalresource"
  },
  {
    "fields": {
      "title": "data.amsterdamopendata.nl",
      "url": "http://data.amsterdamopendata.nl",
      "api_url": "http://data.amsterdamopendata.nl"
    },
    "pk": 52,
    "model": "referencepool.externalresource"
  },
  {
    "fields": {
      "title": "aperto.comune.torino.it",
      "url": "http://aperto.comune.torino.it",
      "api_url": "http://aperto.comune.torino.it"
    },
    "pk": 53,
    "model": "referencepool.externalresource"
  },
  {
    "fields": {
      "title": "opendatamalta.org",
      "url": "http://opendatamalta.org",
      "api_url": "http://opendatamalta.org"
    },
    "pk": 54,
    "model": "referencepool.externalresource"
  },
  {
    "fields": {
      "title": "offenedaten.de",
      "url": "http://offenedaten.de",
      "api_url": "http://offenedaten.de"
    },
    "pk": 55,
    "model": "referencepool.externalresource"
  },
  {
    "fields": {
      "title": "oppnadata.se",
      "url": "http://oppnadata.se",
      "api_url": "http://oppnadata.se"
    },
    "pk": 56,
    "model": "referencepool.externalresource"
  },
  {
    "fields": {
      "title": "ie.ckan.net",
      "url": "http://ie.ckan.net",
      "api_url": "http://ie.ckan.net"
    },
    "pk": 57,
    "model": "referencepool.externalresource"
  },
  {
    "fields": {
      "title": "datos.gob.es",
      "url": "http://datos.gob.es",
      "api_url": "http://datos.gob.es"
    },
    "pk": 58,
    "model": "referencepool.externalresource"
  },
  {
    "fields": {
      "title": "www.data.rennes.metropole.fr",
      "url": "http://www.data.rennes.metropole.fr",
      "api_url": "http://www.data.rennes.metropole.fr"
    },
    "pk": 59,
    "model": "referencepool.externalresource"
  },
  {
    "fields": {
      "title": "opendata.comune.bari.it",
      "url": "http://opendata.comune.bari.it",
      "api_url": "http://opendata.comune.bari.it"
    },
    "pk": 60,
    "model": "referencepool.externalresource"
  },
  {
    "fields": {
      "title": "opendata.aragon.es",
      "url": "http://opendata.aragon.es",
      "api_url": "http://opendata.aragon.es"
    },
    "pk": 61,
    "model": "referencepool.externalresource"
  },
  {
    "fields": {
      "title": "datosabiertos.malaga.eu",
      "url": "http://datosabiertos.malaga.eu",
      "api_url": "http://datosabiertos.malaga.eu"
    },
    "pk": 62,
    "model": "referencepool.externalresource"
  },
  {
    "fields": {
      "title": "abertos.xunta.es",
      "url": "http://abertos.xunta.es",
      "api_url": "http://abertos.xunta.es"
    },
    "pk": 63,
    "model": "referencepool.externalresource"
  },
  {
    "fields": {
      "title": "nosdonnees.fr",
      "url": "http://nosdonnees.fr",
      "api_url": "http://nosdonnees.fr"
    },
    "pk": 64,
    "model": "referencepool.externalresource"
  },
  {
    "fields": {
      "title": "gobiernoabierto.navarra.es",
      "url": "http://gobiernoabierto.navarra.es",
      "api_url": "http://gobiernoabierto.navarra.es"
    },
    "pk": 65,
    "model": "referencepool.externalresource"
  },
  {
    "fields": {
      "title": "datos.alcobendas.org",
      "url": "http://datos.alcobendas.org",
      "api_url": "http://datos.alcobendas.org"
    },
    "pk": 66,
    "model": "referencepool.externalresource"
  },
  {
    "fields": {
      "title": "data.london.gov.uk",
      "url": "http://data.london.gov.uk",
      "api_url": "http://data.london.gov.uk"
    },
    "pk": 67,
    "model": "referencepool.externalresource"
  },
  {
    "fields": {
      "title": "daten.hamburg.de",
      "url": "http://daten.hamburg.de",
      "api_url": "http://daten.hamburg.de"
    },
    "pk": 68,
    "model": "referencepool.externalresource"
  },
  {
    "fields": {
      "title": "portal.openbelgium.be",
      "url": "http://portal.openbelgium.be",
      "api_url": "http://portal.openbelgium.be"
    },
    "pk": 69,
    "model": "referencepool.externalresource"
  },
  {
    "fields": {
      "title": "data.digitaliser.dk",
      "url": "http://data.digitaliser.dk",
      "api_url": "http://data.digitaliser.dk"
    },
    "pk": 70,
    "model": "referencepool.externalresource"
  },
  {
    "fields": {
      "title": "Eurostat",
      "url": "http://epp.eurostat.ec.europa.eu/",
      "api_url": "http://epp.eurostat.ec.europa.eu/portal/page/portal/sdmx_web_services/getting_started/rest_sdmx_2.1"
    },
    "pk": 71,
    "model": "referencepool.externalresource"
  },
  {
    "fields": {
      "title": "Cambridgeshire Insight",
      "url": "http://opendata.cambridgeshireinsight.org.uk",
      "api_url": "http://opendata.cambridgeshireinsight.org.uk/api/3/action/package_show"
    },
    "pk": 72,
    "model": "referencepool.externalresource"
  },
  {
    "fields": {
      "title": "Area",
      "identifier": "Area"
    },
    "pk": 1,
    "model": "referencepool.unitcategory"
  },
  {
    "fields": {
      "title": "Frequency",
      "identifier": "Frequency"
    },
    "pk": 2,
    "model": "referencepool.unitcategory"
  },
  {
    "fields": {
      "title": "Information",
      "identifier": "Information"
    },
    "pk": 3,
    "model": "referencepool.unitcategory"
  },
  {
    "fields": {
      "title": "Length",
      "identifier": "Length"
    },
    "pk": 4,
    "model": "referencepool.unitcategory"
  },
  {
    "fields": {
      "title": "Mass",
      "identifier": "Mass"
    },
    "pk": 5,
    "model": "referencepool.unitcategory"
  },
  {
    "fields": {
      "title": "Power",
      "identifier": "Power"
    },
    "pk": 6,
    "model": "referencepool.unitcategory"
  },
  {
    "fields": {
      "title": "Temperature",
      "identifier": "Temperature"
    },
    "pk": 7,
    "model": "referencepool.unitcategory"
  },
  {
    "fields": {
      "title": "Time",
      "identifier": "Time"
    },
    "pk": 8,
    "model": "referencepool.unitcategory"
  },
  {
    "fields": {
      "title": "Velocity",
      "identifier": "Velocity"
    },
    "pk": 9,
    "model": "referencepool.unitcategory"
  },
  {
    "fields": {
      "title": "Volume",
      "identifier": "Volume"
    },
    "pk": 10,
    "model": "referencepool.unitcategory"
  },
  {
    "fields": {
      "title": "Currency",
      "identifier": "Currency"
    },
    "pk": 11,
    "model": "referencepool.unitcategory"
  },
  {
    "fields": {
      "title": "No Dimension",
      "identifier": "No Dimension"
    },
    "pk": 12,
    "model": "referencepool.unitcategory"
  },
  {
    "fields": {
      "title": "Hectare",
      "unit_category": 1,
      "identifier": "hectare",
      "description": "Hectare "
    },
    "pk": 1,
    "model": "referencepool.unit"
  },
  {
    "fields": {
      "title": "Hertz",
      "unit_category": 2,
      "identifier": "hertz",
      "description": "Hertz"
    },
    "pk": 2,
    "model": "referencepool.unit"
  },
  {
    "fields": {
      "title": "Byte",
      "unit_category": 3,
      "identifier": "byte",
      "description": "Byte"
    },
    "pk": 3,
    "model": "referencepool.unit"
  },
  {
    "fields": {
      "title": "Metre",
      "unit_category": 4,
      "identifier": "metre",
      "description": "Metre"
    },
    "pk": 4,
    "model": "referencepool.unit"
  },
  {
    "fields": {
      "title": "Gram",
      "unit_category": 5,
      "identifier": "gram",
      "description": "Gram"
    },
    "pk": 5,
    "model": "referencepool.unit"
  },
  {
    "fields": {
      "title": "Watt",
      "unit_category": 6,
      "identifier": "watt",
      "description": "Watt"
    },
    "pk": 6,
    "model": "referencepool.unit"
  },
  {
    "fields": {
      "title": "Celsius",
      "unit_category": 7,
      "identifier": "celsius",
      "description": "Celsius"
    },
    "pk": 7,
    "model": "referencepool.unit"
  },
  {
    "fields": {
      "title": "Kelvin",
      "unit_category": 7,
      "identifier": "kelvin",
      "description": "Kelvin"
    },
    "pk": 8,
    "model": "referencepool.unit"
  },
  {
    "fields": {
      "title": "Second",
      "unit_category": 8,
      "identifier": "second",
      "description": "Second"
    },
    "pk": 9,
    "model": "referencepool.unit"
  },
  {
    "fields": {
      "title": "Minute",
      "unit_category": 8,
      "identifier": "minute",
      "description": "Minute"
    },
    "pk": 10,
    "model": "referencepool.unit"
  },
  {
    "fields": {
      "title": "Hour",
      "unit_category": 8,
      "identifier": "hour",
      "description": "Hour"
    },
    "pk": 11,
    "model": "referencepool.unit"
  },
  {
    "fields": {
      "title": "Week",
      "unit_category": 8,
      "identifier": "week",
      "description": "Week"
    },
    "pk": 12,
    "model": "referencepool.unit"
  },
  {
    "fields": {
      "title": "Month",
      "unit_category": 8,
      "identifier": "month",
      "description": "Month"
    },
    "pk": 13,
    "model": "referencepool.unit"
  },
  {
    "fields": {
      "title": "Year",
      "unit_category": 8,
      "identifier": "year",
      "description": "Year"
    },
    "pk": 14,
    "model": "referencepool.unit"
  },
  {
    "fields": {
      "title": "KPH",
      "unit_category": 9,
      "identifier": "kph",
      "description": "KPH"
    },
    "pk": 15,
    "model": "referencepool.unit"
  },
  {
    "fields": {
      "title": "MPH",
      "unit_category": 9,
      "identifier": "mph",
      "description": "MPH"
    },
    "pk": 16,
    "model": "referencepool.unit"
  },
  {
    "fields": {
      "title": "Litre",
      "unit_category": 10,
      "identifier": "litre",
      "description": "Litre"
    },
    "pk": 17,
    "model": "referencepool.unit"
  },
  {
    "fields": {
      "title": "Dollar",
      "unit_category": 11,
      "identifier": "dollar",
      "description": "Dollar"
    },
    "pk": 18,
    "model": "referencepool.unit"
  },
  {
    "fields": {
      "title": "Euro",
      "unit_category": 11,
      "identifier": "euro",
      "description": "Euro"
    },
    "pk": 19,
    "model": "referencepool.unit"
  },
  {
    "fields": {
      "title": "Ruble",
      "unit_category": 11,
      "identifier": "ruble",
      "description": "Ruble"
    },
    "pk": 20,
    "model": "referencepool.unit"
  },
  {
    "fields": {
      "title": "Pound",
      "unit_category": 11,
      "identifier": "pound",
      "description": "Pound"
    },
    "pk": 21,
    "model": "referencepool.unit"
  },
  {
    "fields": {
      "title": "People",
      "unit_category": 12,
      "identifier": "people",
      "description": "People"
    },
    "pk": 22,
    "model": "referencepool.unit"
  },
  {
    "fields": {
      "title": "Percentage",
      "unit_category": 12,
      "identifier": "percentage",
      "description": "Percentage"
    },
    "pk": 23,
    "model": "referencepool.unit"
  },
  {
    "fields": {
      "title": "Point",
      "unit_category": 12,
      "identifier": "point",
      "description": "Point"
    },
    "pk": 24,
    "model": "referencepool.unit"
  },
  {
    "fields": {
      "title": "No Unit",
      "unit_category": 12,
      "identifier": "unitless",
      "description": "No Unit"
    },
    "pk": 25,
    "model": "referencepool.unit"
  },
  {
    "fields": {
      "example": "21.02.2010",
      "format": "%d.%m.%Y",
      "symbol": "dd.mm.yyyy"
    },
    "pk": 1,
    "model": "referencepool.dateformat"
  },
  {
    "fields": {
      "example": "2010-02-21",
      "format": "%Y-%m-%d",
      "symbol": "yyyy-mm-dd"
    },
    "pk": 2,
    "model": "referencepool.dateformat"
  },
  {
    "fields": {
      "example": "21/02/2010",
      "format": "%d/%m/%Y",
      "symbol": "dd/mm/yyyy"
    },
    "pk": 3,
    "model": "referencepool.dateformat"
  },
  {
    "fields": {
      "example": "02/21/2010",
      "format": "%m/%d/%Y",
      "symbol": "mm/dd/yyyy"
    },
    "pk": 4,
    "model": "referencepool.dateformat"
  },
  {
    "fields": {
      "code_type": "ISO3166-1-Alpha-3",
      "title": "Country",
      "description": "Country"
    },
    "pk": 1,
    "model": "referencepool.dataclass"
  },
  {
    "fields": {
      "code_type": "",
      "title": "City",
      "description": "City"
    },
    "pk": 2,
    "model": "referencepool.dataclass"
  },
  {
    "fields": {
      "code_type": "",
      "title": "State",
      "description": "State"
    },
    "pk": 3,
    "model": "referencepool.dataclass"
  },
  {
    "fields": {
      "code_type": "",
      "title": "Municipality",
      "description": "Municipality"
    },
    "pk": 4,
    "model": "referencepool.dataclass"
  },
  {
    "fields": {
      "code_type": "",
      "title": "Age Group",
      "description": "Age Group"
    },
    "pk": 5,
    "model": "referencepool.dataclass"
  },
  {
    "fields": {
      "code_type": "",
      "title": "Gender",
      "description": "Gender"
    },
    "pk": 6,
    "model": "referencepool.dataclass"
  },
  {
    "fields": {
      "code_type": "",
      "title": "Custom",
      "description": "Custom"
    },
    "pk": 7,
    "model": "referencepool.dataclass"
  },
  {
    "fields": {
      "code_type": "",
      "title": "County",
      "description": "County"
    },
    "pk": 8,
    "model": "referencepool.dataclass"
  },
  {
    "fields": {
      "data_class": 1,
      "title": "Afghanistan",
      "code": "AFG"
    },
    "pk": 1,
    "model": "referencepool.individual"
  },
  {
    "fields": {
      "data_class": 1,
      "title": "Albania",
      "code": "ALB"
    },
    "pk": 2,
    "model": "referencepool.individual"
  },
  {
    "fields": {
      "data_class": 1,
      "title": "Algeria",
      "code": "DZA"
    },
    "pk": 3,
    "model": "referencepool.individual"
  },
  {
    "fields": {
      "data_class": 1,
      "title": "American Samoa",
      "code": "ASM"
    },
    "pk": 4,
    "model": "referencepool.individual"
  },
  {
    "fields": {
      "data_class": 1,
      "title": "Andorra",
      "code": "AND"
    },
    "pk": 5,
    "model": "referencepool.individual"
  },
  {
    "fields": {
      "data_class": 1,
      "title": "Angola",
      "code": "AGO"
    },
    "pk": 6,
    "model": "referencepool.individual"
  },
  {
    "fields": {
      "data_class": 1,
      "title": "Anguilla",
      "code": "AIA"
    },
    "pk": 7,
    "model": "referencepool.individual"
  },
  {
    "fields": {
      "data_class": 1,
      "title": "Antarctica",
      "code": "ATA"
    },
    "pk": 8,
    "model": "referencepool.individual"
  },
  {
    "fields": {
      "data_class": 1,
      "title": "Antigua and Barbuda",
      "code": "ATG"
    },
    "pk": 9,
    "model": "referencepool.individual"
  },
  {
    "fields": {
      "data_class": 1,
      "title": "Argentina",
      "code": "ARG"
    },
    "pk": 10,
    "model": "referencepool.individual"
  },
  {
    "fields": {
      "data_class": 1,
      "title": "Armenia",
      "code": "ARM"
    },
    "pk": 11,
    "model": "referencepool.individual"
  },
  {
    "fields": {
      "data_class": 1,
      "title": "Aruba",
      "code": "ABW"
    },
    "pk": 12,
    "model": "referencepool.individual"
  },
  {
    "fields": {
      "data_class": 1,
      "title": "Australia",
      "code": "AUS"
    },
    "pk": 13,
    "model": "referencepool.individual"
  },
  {
    "fields": {
      "data_class": 1,
      "title": "Austria",
      "code": "AUT"
    },
    "pk": 14,
    "model": "referencepool.individual"
  },
  {
    "fields": {
      "data_class": 1,
      "title": "Azerbaijan",
      "code": "AZE"
    },
    "pk": 15,
    "model": "referencepool.individual"
  },
  {
    "fields": {
      "data_class": 1,
      "title": "Bahamas",
      "code": "BHS"
    },
    "pk": 16,
    "model": "referencepool.individual"
  },
  {
    "fields": {
      "data_class": 1,
      "title": "Bahrain",
      "code": "BHR"
    },
    "pk": 17,
    "model": "referencepool.individual"
  },
  {
    "fields": {
      "data_class": 1,
      "title": "Bangladesh",
      "code": "BGD"
    },
    "pk": 18,
    "model": "referencepool.individual"
  },
  {
    "fields": {
      "data_class": 1,
      "title": "Barbados",
      "code": "BRB"
    },
    "pk": 19,
    "model": "referencepool.individual"
  },
  {
    "fields": {
      "data_class": 1,
      "title": "Belarus",
      "code": "BLR"
    },
    "pk": 20,
    "model": "referencepool.individual"
  },
  {
    "fields": {
      "data_class": 1,
      "title": "Belgium",
      "code": "BEL"
    },
    "pk": 21,
    "model": "referencepool.individual"
  },
  {
    "fields": {
      "data_class": 1,
      "title": "Belize",
      "code": "BLZ"
    },
    "pk": 22,
    "model": "referencepool.individual"
  },
  {
    "fields": {
      "data_class": 1,
      "title": "Benin",
      "code": "BEN"
    },
    "pk": 23,
    "model": "referencepool.individual"
  },
  {
    "fields": {
      "data_class": 1,
      "title": "Bermuda",
      "code": "BMU"
    },
    "pk": 24,
    "model": "referencepool.individual"
  },
  {
    "fields": {
      "data_class": 1,
      "title": "Bhutan",
      "code": "BTN"
    },
    "pk": 25,
    "model": "referencepool.individual"
  },
  {
    "fields": {
      "data_class": 1,
      "title": "Bolivia, Plurinational State of",
      "code": "BOL"
    },
    "pk": 26,
    "model": "referencepool.individual"
  },
  {
    "fields": {
      "data_class": 1,
      "title": "Bonaire, Sint Eustatius and Saba",
      "code": "BES"
    },
    "pk": 27,
    "model": "referencepool.individual"
  },
  {
    "fields": {
      "data_class": 1,
      "title": "Bosnia and Herzegovina",
      "code": "BIH"
    },
    "pk": 28,
    "model": "referencepool.individual"
  },
  {
    "fields": {
      "data_class": 1,
      "title": "Botswana",
      "code": "BWA"
    },
    "pk": 29,
    "model": "referencepool.individual"
  },
  {
    "fields": {
      "data_class": 1,
      "title": "Bouvet Island",
      "code": "BVT"
    },
    "pk": 30,
    "model": "referencepool.individual"
  },
  {
    "fields": {
      "data_class": 1,
      "title": "Brazil",
      "code": "BRA"
    },
    "pk": 31,
    "model": "referencepool.individual"
  },
  {
    "fields": {
      "data_class": 1,
      "title": "British Indian Ocean Territory",
      "code": "IOT"
    },
    "pk": 32,
    "model": "referencepool.individual"
  },
  {
    "fields": {
      "data_class": 1,
      "title": "Brunei Darussalam",
      "code": "BRN"
    },
    "pk": 33,
    "model": "referencepool.individual"
  },
  {
    "fields": {
      "data_class": 1,
      "title": "Bulgaria",
      "code": "BGR"
    },
    "pk": 34,
    "model": "referencepool.individual"
  },
  {
    "fields": {
      "data_class": 1,
      "title": "Burkina Faso",
      "code": "BFA"
    },
    "pk": 35,
    "model": "referencepool.individual"
  },
  {
    "fields": {
      "data_class": 1,
      "title": "Burundi",
      "code": "BDI"
    },
    "pk": 36,
    "model": "referencepool.individual"
  },
  {
    "fields": {
      "data_class": 1,
      "title": "Cambodia",
      "code": "KHM"
    },
    "pk": 37,
    "model": "referencepool.individual"
  },
  {
    "fields": {
      "data_class": 1,
      "title": "Cameroon",
      "code": "CMR"
    },
    "pk": 38,
    "model": "referencepool.individual"
  },
  {
    "fields": {
      "data_class": 1,
      "title": "Canada",
      "code": "CAN"
    },
    "pk": 39,
    "model": "referencepool.individual"
  },
  {
    "fields": {
      "data_class": 1,
      "title": "Cape Verde",
      "code": "CPV"
    },
    "pk": 40,
    "model": "referencepool.individual"
  },
  {
    "fields": {
      "data_class": 1,
      "title": "Cayman Islands",
      "code": "CYM"
    },
    "pk": 41,
    "model": "referencepool.individual"
  },
  {
    "fields": {
      "data_class": 1,
      "title": "Central African Republic",
      "code": "CAF"
    },
    "pk": 42,
    "model": "referencepool.individual"
  },
  {
    "fields": {
      "data_class": 1,
      "title": "Chad",
      "code": "TCD"
    },
    "pk": 43,
    "model": "referencepool.individual"
  },
  {
    "fields": {
      "data_class": 1,
      "title": "Chile",
      "code": "CHL"
    },
    "pk": 44,
    "model": "referencepool.individual"
  },
  {
    "fields": {
      "data_class": 1,
      "title": "China",
      "code": "CHN"
    },
    "pk": 45,
    "model": "referencepool.individual"
  },
  {
    "fields": {
      "data_class": 1,
      "title": "Christmas Island",
      "code": "CXR"
    },
    "pk": 46,
    "model": "referencepool.individual"
  },
  {
    "fields": {
      "data_class": 1,
      "title": "Cocos (Keeling) Islands",
      "code": "CCK"
    },
    "pk": 47,
    "model": "referencepool.individual"
  },
  {
    "fields": {
      "data_class": 1,
      "title": "Colombia",
      "code": "COL"
    },
    "pk": 48,
    "model": "referencepool.individual"
  },
  {
    "fields": {
      "data_class": 1,
      "title": "Comoros",
      "code": "COM"
    },
    "pk": 49,
    "model": "referencepool.individual"
  },
  {
    "fields": {
      "data_class": 1,
      "title": "Congo",
      "code": "COG"
    },
    "pk": 50,
    "model": "referencepool.individual"
  },
  {
    "fields": {
      "data_class": 1,
      "title": "Congo, the Democratic Republic of the",
      "code": "COD"
    },
    "pk": 51,
    "model": "referencepool.individual"
  },
  {
    "fields": {
      "data_class": 1,
      "title": "Cook Islands",
      "code": "COK"
    },
    "pk": 52,
    "model": "referencepool.individual"
  },
  {
    "fields": {
      "data_class": 1,
      "title": "Costa Rica",
      "code": "CRI"
    },
    "pk": 53,
    "model": "referencepool.individual"
  },
  {
    "fields": {
      "data_class": 1,
      "title": "Croatia",
      "code": "HRV"
    },
    "pk": 54,
    "model": "referencepool.individual"
  },
  {
    "fields": {
      "data_class": 1,
      "title": "Cuba",
      "code": "CUB"
    },
    "pk": 55,
    "model": "referencepool.individual"
  },
  {
    "fields": {
      "data_class": 1,
      "title": "Cura\u00e7ao",
      "code": "CUW"
    },
    "pk": 56,
    "model": "referencepool.individual"
  },
  {
    "fields": {
      "data_class": 1,
      "title": "Cyprus",
      "code": "CYP"
    },
    "pk": 57,
    "model": "referencepool.individual"
  },
  {
    "fields": {
      "data_class": 1,
      "title": "Czech Republic",
      "code": "CZE"
    },
    "pk": 58,
    "model": "referencepool.individual"
  },
  {
    "fields": {
      "data_class": 1,
      "title": "C\u00f4te d'Ivoire",
      "code": "CIV"
    },
    "pk": 59,
    "model": "referencepool.individual"
  },
  {
    "fields": {
      "data_class": 1,
      "title": "Denmark",
      "code": "DNK"
    },
    "pk": 60,
    "model": "referencepool.individual"
  },
  {
    "fields": {
      "data_class": 1,
      "title": "Djibouti",
      "code": "DJI"
    },
    "pk": 61,
    "model": "referencepool.individual"
  },
  {
    "fields": {
      "data_class": 1,
      "title": "Dominica",
      "code": "DMA"
    },
    "pk": 62,
    "model": "referencepool.individual"
  },
  {
    "fields": {
      "data_class": 1,
      "title": "Dominican Republic",
      "code": "DOM"
    },
    "pk": 63,
    "model": "referencepool.individual"
  },
  {
    "fields": {
      "data_class": 1,
      "title": "Ecuador",
      "code": "ECU"
    },
    "pk": 64,
    "model": "referencepool.individual"
  },
  {
    "fields": {
      "data_class": 1,
      "title": "Egypt",
      "code": "EGY"
    },
    "pk": 65,
    "model": "referencepool.individual"
  },
  {
    "fields": {
      "data_class": 1,
      "title": "El Salvador",
      "code": "SLV"
    },
    "pk": 66,
    "model": "referencepool.individual"
  },
  {
    "fields": {
      "data_class": 1,
      "title": "Equatorial Guinea",
      "code": "GNQ"
    },
    "pk": 67,
    "model": "referencepool.individual"
  },
  {
    "fields": {
      "data_class": 1,
      "title": "Eritrea",
      "code": "ERI"
    },
    "pk": 68,
    "model": "referencepool.individual"
  },
  {
    "fields": {
      "data_class": 1,
      "title": "Estonia",
      "code": "EST"
    },
    "pk": 69,
    "model": "referencepool.individual"
  },
  {
    "fields": {
      "data_class": 1,
      "title": "Ethiopia",
      "code": "ETH"
    },
    "pk": 70,
    "model": "referencepool.individual"
  },
  {
    "fields": {
      "data_class": 1,
      "title": "Falkland Islands (Malvinas)",
      "code": "FLK"
    },
    "pk": 71,
    "model": "referencepool.individual"
  },
  {
    "fields": {
      "data_class": 1,
      "title": "Faroe Islands",
      "code": "FRO"
    },
    "pk": 72,
    "model": "referencepool.individual"
  },
  {
    "fields": {
      "data_class": 1,
      "title": "Fiji",
      "code": "FJI"
    },
    "pk": 73,
    "model": "referencepool.individual"
  },
  {
    "fields": {
      "data_class": 1,
      "title": "Finland",
      "code": "FIN"
    },
    "pk": 74,
    "model": "referencepool.individual"
  },
  {
    "fields": {
      "data_class": 1,
      "title": "France",
      "code": "FRA"
    },
    "pk": 75,
    "model": "referencepool.individual"
  },
  {
    "fields": {
      "data_class": 1,
      "title": "French Guiana",
      "code": "GUF"
    },
    "pk": 76,
    "model": "referencepool.individual"
  },
  {
    "fields": {
      "data_class": 1,
      "title": "French Polynesia",
      "code": "PYF"
    },
    "pk": 77,
    "model": "referencepool.individual"
  },
  {
    "fields": {
      "data_class": 1,
      "title": "French Southern Territories",
      "code": "ATF"
    },
    "pk": 78,
    "model": "referencepool.individual"
  },
  {
    "fields": {
      "data_class": 1,
      "title": "Gabon",
      "code": "GAB"
    },
    "pk": 79,
    "model": "referencepool.individual"
  },
  {
    "fields": {
      "data_class": 1,
      "title": "Gambia",
      "code": "GMB"
    },
    "pk": 80,
    "model": "referencepool.individual"
  },
  {
    "fields": {
      "data_class": 1,
      "title": "Georgia",
      "code": "GEO"
    },
    "pk": 81,
    "model": "referencepool.individual"
  },
  {
    "fields": {
      "data_class": 1,
      "title": "Germany",
      "code": "DEU"
    },
    "pk": 82,
    "model": "referencepool.individual"
  },
  {
    "fields": {
      "data_class": 1,
      "title": "Ghana",
      "code": "GHA"
    },
    "pk": 83,
    "model": "referencepool.individual"
  },
  {
    "fields": {
      "data_class": 1,
      "title": "Gibraltar",
      "code": "GIB"
    },
    "pk": 84,
    "model": "referencepool.individual"
  },
  {
    "fields": {
      "data_class": 1,
      "title": "Greece",
      "code": "GRC"
    },
    "pk": 85,
    "model": "referencepool.individual"
  },
  {
    "fields": {
      "data_class": 1,
      "title": "Greenland",
      "code": "GRL"
    },
    "pk": 86,
    "model": "referencepool.individual"
  },
  {
    "fields": {
      "data_class": 1,
      "title": "Grenada",
      "code": "GRD"
    },
    "pk": 87,
    "model": "referencepool.individual"
  },
  {
    "fields": {
      "data_class": 1,
      "title": "Guadeloupe",
      "code": "GLP"
    },
    "pk": 88,
    "model": "referencepool.individual"
  },
  {
    "fields": {
      "data_class": 1,
      "title": "Guam",
      "code": "GUM"
    },
    "pk": 89,
    "model": "referencepool.individual"
  },
  {
    "fields": {
      "data_class": 1,
      "title": "Guatemala",
      "code": "GTM"
    },
    "pk": 90,
    "model": "referencepool.individual"
  },
  {
    "fields": {
      "data_class": 1,
      "title": "Guernsey",
      "code": "GGY"
    },
    "pk": 91,
    "model": "referencepool.individual"
  },
  {
    "fields": {
      "data_class": 1,
      "title": "Guinea",
      "code": "GIN"
    },
    "pk": 92,
    "model": "referencepool.individual"
  },
  {
    "fields": {
      "data_class": 1,
      "title": "Guinea-Bissau",
      "code": "GNB"
    },
    "pk": 93,
    "model": "referencepool.individual"
  },
  {
    "fields": {
      "data_class": 1,
      "title": "Guyana",
      "code": "GUY"
    },
    "pk": 94,
    "model": "referencepool.individual"
  },
  {
    "fields": {
      "data_class": 1,
      "title": "Haiti",
      "code": "HTI"
    },
    "pk": 95,
    "model": "referencepool.individual"
  },
  {
    "fields": {
      "data_class": 1,
      "title": "Heard Island and McDonald Islands",
      "code": "HMD"
    },
    "pk": 96,
    "model": "referencepool.individual"
  },
  {
    "fields": {
      "data_class": 1,
      "title": "Holy See (Vatican City State)",
      "code": "VAT"
    },
    "pk": 97,
    "model": "referencepool.individual"
  },
  {
    "fields": {
      "data_class": 1,
      "title": "Honduras",
      "code": "HND"
    },
    "pk": 98,
    "model": "referencepool.individual"
  },
  {
    "fields": {
      "data_class": 1,
      "title": "Hong Kong",
      "code": "HKG"
    },
    "pk": 99,
    "model": "referencepool.individual"
  },
  {
    "fields": {
      "data_class": 1,
      "title": "Hungary",
      "code": "HUN"
    },
    "pk": 100,
    "model": "referencepool.individual"
  },
  {
    "fields": {
      "data_class": 1,
      "title": "Iceland",
      "code": "ISL"
    },
    "pk": 101,
    "model": "referencepool.individual"
  },
  {
    "fields": {
      "data_class": 1,
      "title": "India",
      "code": "IND"
    },
    "pk": 102,
    "model": "referencepool.individual"
  },
  {
    "fields": {
      "data_class": 1,
      "title": "Indonesia",
      "code": "IDN"
    },
    "pk": 103,
    "model": "referencepool.individual"
  },
  {
    "fields": {
      "data_class": 1,
      "title": "Iran, Islamic Republic of",
      "code": "IRN"
    },
    "pk": 104,
    "model": "referencepool.individual"
  },
  {
    "fields": {
      "data_class": 1,
      "title": "Iraq",
      "code": "IRQ"
    },
    "pk": 105,
    "model": "referencepool.individual"
  },
  {
    "fields": {
      "data_class": 1,
      "title": "Ireland",
      "code": "IRL"
    },
    "pk": 106,
    "model": "referencepool.individual"
  },
  {
    "fields": {
      "data_class": 1,
      "title": "Isle of Man",
      "code": "IMN"
    },
    "pk": 107,
    "model": "referencepool.individual"
  },
  {
    "fields": {
      "data_class": 1,
      "title": "Israel",
      "code": "ISR"
    },
    "pk": 108,
    "model": "referencepool.individual"
  },
  {
    "fields": {
      "data_class": 1,
      "title": "Italy",
      "code": "ITA"
    },
    "pk": 109,
    "model": "referencepool.individual"
  },
  {
    "fields": {
      "data_class": 1,
      "title": "Jamaica",
      "code": "JAM"
    },
    "pk": 110,
    "model": "referencepool.individual"
  },
  {
    "fields": {
      "data_class": 1,
      "title": "Japan",
      "code": "JPN"
    },
    "pk": 111,
    "model": "referencepool.individual"
  },
  {
    "fields": {
      "data_class": 1,
      "title": "Jersey",
      "code": "JEY"
    },
    "pk": 112,
    "model": "referencepool.individual"
  },
  {
    "fields": {
      "data_class": 1,
      "title": "Jordan",
      "code": "JOR"
    },
    "pk": 113,
    "model": "referencepool.individual"
  },
  {
    "fields": {
      "data_class": 1,
      "title": "Kazakhstan",
      "code": "KAZ"
    },
    "pk": 114,
    "model": "referencepool.individual"
  },
  {
    "fields": {
      "data_class": 1,
      "title": "Kenya",
      "code": "KEN"
    },
    "pk": 115,
    "model": "referencepool.individual"
  },
  {
    "fields": {
      "data_class": 1,
      "title": "Kiribati",
      "code": "KIR"
    },
    "pk": 116,
    "model": "referencepool.individual"
  },
  {
    "fields": {
      "data_class": 1,
      "title": "Korea, Democratic People's Republic of",
      "code": "PRK"
    },
    "pk": 117,
    "model": "referencepool.individual"
  },
  {
    "fields": {
      "data_class": 1,
      "title": "Korea, Republic of",
      "code": "KOR"
    },
    "pk": 118,
    "model": "referencepool.individual"
  },
  {
    "fields": {
      "data_class": 1,
      "title": "Kuwait",
      "code": "KWT"
    },
    "pk": 119,
    "model": "referencepool.individual"
  },
  {
    "fields": {
      "data_class": 1,
      "title": "Kyrgyzstan",
      "code": "KGZ"
    },
    "pk": 120,
    "model": "referencepool.individual"
  },
  {
    "fields": {
      "data_class": 1,
      "title": "Lao People's Democratic Republic",
      "code": "LAO"
    },
    "pk": 121,
    "model": "referencepool.individual"
  },
  {
    "fields": {
      "data_class": 1,
      "title": "Latvia",
      "code": "LVA"
    },
    "pk": 122,
    "model": "referencepool.individual"
  },
  {
    "fields": {
      "data_class": 1,
      "title": "Lebanon",
      "code": "LBN"
    },
    "pk": 123,
    "model": "referencepool.individual"
  },
  {
    "fields": {
      "data_class": 1,
      "title": "Lesotho",
      "code": "LSO"
    },
    "pk": 124,
    "model": "referencepool.individual"
  },
  {
    "fields": {
      "data_class": 1,
      "title": "Liberia",
      "code": "LBR"
    },
    "pk": 125,
    "model": "referencepool.individual"
  },
  {
    "fields": {
      "data_class": 1,
      "title": "Libya",
      "code": "LBY"
    },
    "pk": 126,
    "model": "referencepool.individual"
  },
  {
    "fields": {
      "data_class": 1,
      "title": "Liechtenstein",
      "code": "LIE"
    },
    "pk": 127,
    "model": "referencepool.individual"
  },
  {
    "fields": {
      "data_class": 1,
      "title": "Lithuania",
      "code": "LTU"
    },
    "pk": 128,
    "model": "referencepool.individual"
  },
  {
    "fields": {
      "data_class": 1,
      "title": "Luxembourg",
      "code": "LUX"
    },
    "pk": 129,
    "model": "referencepool.individual"
  },
  {
    "fields": {
      "data_class": 1,
      "title": "Macao",
      "code": "MAC"
    },
    "pk": 130,
    "model": "referencepool.individual"
  },
  {
    "fields": {
      "data_class": 1,
      "title": "Macedonia, the Former Yugoslav Republic of",
      "code": "MKD"
    },
    "pk": 131,
    "model": "referencepool.individual"
  },
  {
    "fields": {
      "data_class": 1,
      "title": "Madagascar",
      "code": "MDG"
    },
    "pk": 132,
    "model": "referencepool.individual"
  },
  {
    "fields": {
      "data_class": 1,
      "title": "Malawi",
      "code": "MWI"
    },
    "pk": 133,
    "model": "referencepool.individual"
  },
  {
    "fields": {
      "data_class": 1,
      "title": "Malaysia",
      "code": "MYS"
    },
    "pk": 134,
    "model": "referencepool.individual"
  },
  {
    "fields": {
      "data_class": 1,
      "title": "Maldives",
      "code": "MDV"
    },
    "pk": 135,
    "model": "referencepool.individual"
  },
  {
    "fields": {
      "data_class": 1,
      "title": "Mali",
      "code": "MLI"
    },
    "pk": 136,
    "model": "referencepool.individual"
  },
  {
    "fields": {
      "data_class": 1,
      "title": "Malta",
      "code": "MLT"
    },
    "pk": 137,
    "model": "referencepool.individual"
  },
  {
    "fields": {
      "data_class": 1,
      "title": "Marshall Islands",
      "code": "MHL"
    },
    "pk": 138,
    "model": "referencepool.individual"
  },
  {
    "fields": {
      "data_class": 1,
      "title": "Martinique",
      "code": "MTQ"
    },
    "pk": 139,
    "model": "referencepool.individual"
  },
  {
    "fields": {
      "data_class": 1,
      "title": "Mauritania",
      "code": "MRT"
    },
    "pk": 140,
    "model": "referencepool.individual"
  },
  {
    "fields": {
      "data_class": 1,
      "title": "Mauritius",
      "code": "MUS"
    },
    "pk": 141,
    "model": "referencepool.individual"
  },
  {
    "fields": {
      "data_class": 1,
      "title": "Mayotte",
      "code": "MYT"
    },
    "pk": 142,
    "model": "referencepool.individual"
  },
  {
    "fields": {
      "data_class": 1,
      "title": "Mexico",
      "code": "MEX"
    },
    "pk": 143,
    "model": "referencepool.individual"
  },
  {
    "fields": {
      "data_class": 1,
      "title": "Micronesia, Federated States of",
      "code": "FSM"
    },
    "pk": 144,
    "model": "referencepool.individual"
  },
  {
    "fields": {
      "data_class": 1,
      "title": "Moldova, Republic of",
      "code": "MDA"
    },
    "pk": 145,
    "model": "referencepool.individual"
  },
  {
    "fields": {
      "data_class": 1,
      "title": "Monaco",
      "code": "MCO"
    },
    "pk": 146,
    "model": "referencepool.individual"
  },
  {
    "fields": {
      "data_class": 1,
      "title": "Mongolia",
      "code": "MNG"
    },
    "pk": 147,
    "model": "referencepool.individual"
  },
  {
    "fields": {
      "data_class": 1,
      "title": "Montenegro",
      "code": "MNE"
    },
    "pk": 148,
    "model": "referencepool.individual"
  },
  {
    "fields": {
      "data_class": 1,
      "title": "Montserrat",
      "code": "MSR"
    },
    "pk": 149,
    "model": "referencepool.individual"
  },
  {
    "fields": {
      "data_class": 1,
      "title": "Morocco",
      "code": "MAR"
    },
    "pk": 150,
    "model": "referencepool.individual"
  },
  {
    "fields": {
      "data_class": 1,
      "title": "Mozambique",
      "code": "MOZ"
    },
    "pk": 151,
    "model": "referencepool.individual"
  },
  {
    "fields": {
      "data_class": 1,
      "title": "Myanmar",
      "code": "MMR"
    },
    "pk": 152,
    "model": "referencepool.individual"
  },
  {
    "fields": {
      "data_class": 1,
      "title": "Namibia",
      "code": "NAM"
    },
    "pk": 153,
    "model": "referencepool.individual"
  },
  {
    "fields": {
      "data_class": 1,
      "title": "Nauru",
      "code": "NRU"
    },
    "pk": 154,
    "model": "referencepool.individual"
  },
  {
    "fields": {
      "data_class": 1,
      "title": "Nepal",
      "code": "NPL"
    },
    "pk": 155,
    "model": "referencepool.individual"
  },
  {
    "fields": {
      "data_class": 1,
      "title": "Netherlands",
      "code": "NLD"
    },
    "pk": 156,
    "model": "referencepool.individual"
  },
  {
    "fields": {
      "data_class": 1,
      "title": "New Caledonia",
      "code": "NCL"
    },
    "pk": 157,
    "model": "referencepool.individual"
  },
  {
    "fields": {
      "data_class": 1,
      "title": "New Zealand",
      "code": "NZL"
    },
    "pk": 158,
    "model": "referencepool.individual"
  },
  {
    "fields": {
      "data_class": 1,
      "title": "Nicaragua",
      "code": "NIC"
    },
    "pk": 159,
    "model": "referencepool.individual"
  },
  {
    "fields": {
      "data_class": 1,
      "title": "Niger",
      "code": "NER"
    },
    "pk": 160,
    "model": "referencepool.individual"
  },
  {
    "fields": {
      "data_class": 1,
      "title": "Nigeria",
      "code": "NGA"
    },
    "pk": 161,
    "model": "referencepool.individual"
  },
  {
    "fields": {
      "data_class": 1,
      "title": "Niue",
      "code": "NIU"
    },
    "pk": 162,
    "model": "referencepool.individual"
  },
  {
    "fields": {
      "data_class": 1,
      "title": "Norfolk Island",
      "code": "NFK"
    },
    "pk": 163,
    "model": "referencepool.individual"
  },
  {
    "fields": {
      "data_class": 1,
      "title": "Northern Mariana Islands",
      "code": "MNP"
    },
    "pk": 164,
    "model": "referencepool.individual"
  },
  {
    "fields": {
      "data_class": 1,
      "title": "Norway",
      "code": "NOR"
    },
    "pk": 165,
    "model": "referencepool.individual"
  },
  {
    "fields": {
      "data_class": 1,
      "title": "Oman",
      "code": "OMN"
    },
    "pk": 166,
    "model": "referencepool.individual"
  },
  {
    "fields": {
      "data_class": 1,
      "title": "Pakistan",
      "code": "PAK"
    },
    "pk": 167,
    "model": "referencepool.individual"
  },
  {
    "fields": {
      "data_class": 1,
      "title": "Palau",
      "code": "PLW"
    },
    "pk": 168,
    "model": "referencepool.individual"
  },
  {
    "fields": {
      "data_class": 1,
      "title": "Palestine, State of",
      "code": "PSE"
    },
    "pk": 169,
    "model": "referencepool.individual"
  },
  {
    "fields": {
      "data_class": 1,
      "title": "Panama",
      "code": "PAN"
    },
    "pk": 170,
    "model": "referencepool.individual"
  },
  {
    "fields": {
      "data_class": 1,
      "title": "Papua New Guinea",
      "code": "PNG"
    },
    "pk": 171,
    "model": "referencepool.individual"
  },
  {
    "fields": {
      "data_class": 1,
      "title": "Paraguay",
      "code": "PRY"
    },
    "pk": 172,
    "model": "referencepool.individual"
  },
  {
    "fields": {
      "data_class": 1,
      "title": "Peru",
      "code": "PER"
    },
    "pk": 173,
    "model": "referencepool.individual"
  },
  {
    "fields": {
      "data_class": 1,
      "title": "Philippines",
      "code": "PHL"
    },
    "pk": 174,
    "model": "referencepool.individual"
  },
  {
    "fields": {
      "data_class": 1,
      "title": "Pitcairn",
      "code": "PCN"
    },
    "pk": 175,
    "model": "referencepool.individual"
  },
  {
    "fields": {
      "data_class": 1,
      "title": "Poland",
      "code": "POL"
    },
    "pk": 176,
    "model": "referencepool.individual"
  },
  {
    "fields": {
      "data_class": 1,
      "title": "Portugal",
      "code": "PRT"
    },
    "pk": 177,
    "model": "referencepool.individual"
  },
  {
    "fields": {
      "data_class": 1,
      "title": "Puerto Rico",
      "code": "PRI"
    },
    "pk": 178,
    "model": "referencepool.individual"
  },
  {
    "fields": {
      "data_class": 1,
      "title": "Qatar",
      "code": "QAT"
    },
    "pk": 179,
    "model": "referencepool.individual"
  },
  {
    "fields": {
      "data_class": 1,
      "title": "Romania",
      "code": "ROU"
    },
    "pk": 180,
    "model": "referencepool.individual"
  },
  {
    "fields": {
      "data_class": 1,
      "title": "Russian Federation",
      "code": "RUS"
    },
    "pk": 181,
    "model": "referencepool.individual"
  },
  {
    "fields": {
      "data_class": 1,
      "title": "Rwanda",
      "code": "RWA"
    },
    "pk": 182,
    "model": "referencepool.individual"
  },
  {
    "fields": {
      "data_class": 1,
      "title": "R\u00e9union",
      "code": "REU"
    },
    "pk": 183,
    "model": "referencepool.individual"
  },
  {
    "fields": {
      "data_class": 1,
      "title": "Saint Barth\u00e9lemy",
      "code": "BLM"
    },
    "pk": 184,
    "model": "referencepool.individual"
  },
  {
    "fields": {
      "data_class": 1,
      "title": "Saint Helena, Ascension and Tristan da Cunha",
      "code": "SHN"
    },
    "pk": 185,
    "model": "referencepool.individual"
  },
  {
    "fields": {
      "data_class": 1,
      "title": "Saint Kitts and Nevis",
      "code": "KNA"
    },
    "pk": 186,
    "model": "referencepool.individual"
  },
  {
    "fields": {
      "data_class": 1,
      "title": "Saint Lucia",
      "code": "LCA"
    },
    "pk": 187,
    "model": "referencepool.individual"
  },
  {
    "fields": {
      "data_class": 1,
      "title": "Saint Martin (French part)",
      "code": "MAF"
    },
    "pk": 188,
    "model": "referencepool.individual"
  },
  {
    "fields": {
      "data_class": 1,
      "title": "Saint Pierre and Miquelon",
      "code": "SPM"
    },
    "pk": 189,
    "model": "referencepool.individual"
  },
  {
    "fields": {
      "data_class": 1,
      "title": "Saint Vincent and the Grenadines",
      "code": "VCT"
    },
    "pk": 190,
    "model": "referencepool.individual"
  },
  {
    "fields": {
      "data_class": 1,
      "title": "Samoa",
      "code": "WSM"
    },
    "pk": 191,
    "model": "referencepool.individual"
  },
  {
    "fields": {
      "data_class": 1,
      "title": "San Marino",
      "code": "SMR"
    },
    "pk": 192,
    "model": "referencepool.individual"
  },
  {
    "fields": {
      "data_class": 1,
      "title": "Sao Tome and Principe",
      "code": "STP"
    },
    "pk": 193,
    "model": "referencepool.individual"
  },
  {
    "fields": {
      "data_class": 1,
      "title": "Saudi Arabia",
      "code": "SAU"
    },
    "pk": 194,
    "model": "referencepool.individual"
  },
  {
    "fields": {
      "data_class": 1,
      "title": "Senegal",
      "code": "SEN"
    },
    "pk": 195,
    "model": "referencepool.individual"
  },
  {
    "fields": {
      "data_class": 1,
      "title": "Serbia",
      "code": "SRB"
    },
    "pk": 196,
    "model": "referencepool.individual"
  },
  {
    "fields": {
      "data_class": 1,
      "title": "Seychelles",
      "code": "SYC"
    },
    "pk": 197,
    "model": "referencepool.individual"
  },
  {
    "fields": {
      "data_class": 1,
      "title": "Sierra Leone",
      "code": "SLE"
    },
    "pk": 198,
    "model": "referencepool.individual"
  },
  {
    "fields": {
      "data_class": 1,
      "title": "Singapore",
      "code": "SGP"
    },
    "pk": 199,
    "model": "referencepool.individual"
  },
  {
    "fields": {
      "data_class": 1,
      "title": "Sint Maarten (Dutch part)",
      "code": "SXM"
    },
    "pk": 200,
    "model": "referencepool.individual"
  },
  {
    "fields": {
      "data_class": 1,
      "title": "Slovakia",
      "code": "SVK"
    },
    "pk": 201,
    "model": "referencepool.individual"
  },
  {
    "fields": {
      "data_class": 1,
      "title": "Slovenia",
      "code": "SVN"
    },
    "pk": 202,
    "model": "referencepool.individual"
  },
  {
    "fields": {
      "data_class": 1,
      "title": "Solomon Islands",
      "code": "SLB"
    },
    "pk": 203,
    "model": "referencepool.individual"
  },
  {
    "fields": {
      "data_class": 1,
      "title": "Somalia",
      "code": "SOM"
    },
    "pk": 204,
    "model": "referencepool.individual"
  },
  {
    "fields": {
      "data_class": 1,
      "title": "South Africa",
      "code": "ZAF"
    },
    "pk": 205,
    "model": "referencepool.individual"
  },
  {
    "fields": {
      "data_class": 1,
      "title": "South Georgia and the South Sandwich Islands",
      "code": "SGS"
    },
    "pk": 206,
    "model": "referencepool.individual"
  },
  {
    "fields": {
      "data_class": 1,
      "title": "South Sudan",
      "code": "SSD"
    },
    "pk": 207,
    "model": "referencepool.individual"
  },
  {
    "fields": {
      "data_class": 1,
      "title": "Spain",
      "code": "ESP"
    },
    "pk": 208,
    "model": "referencepool.individual"
  },
  {
    "fields": {
      "data_class": 1,
      "title": "Sri Lanka",
      "code": "LKA"
    },
    "pk": 209,
    "model": "referencepool.individual"
  },
  {
    "fields": {
      "data_class": 1,
      "title": "Sudan",
      "code": "SDN"
    },
    "pk": 210,
    "model": "referencepool.individual"
  },
  {
    "fields": {
      "data_class": 1,
      "title": "Suriname",
      "code": "SUR"
    },
    "pk": 211,
    "model": "referencepool.individual"
  },
  {
    "fields": {
      "data_class": 1,
      "title": "Svalbard and Jan Mayen",
      "code": "SJM"
    },
    "pk": 212,
    "model": "referencepool.individual"
  },
  {
    "fields": {
      "data_class": 1,
      "title": "Swaziland",
      "code": "SWZ"
    },
    "pk": 213,
    "model": "referencepool.individual"
  },
  {
    "fields": {
      "data_class": 1,
      "title": "Sweden",
      "code": "SWE"
    },
    "pk": 214,
    "model": "referencepool.individual"
  },
  {
    "fields": {
      "data_class": 1,
      "title": "Switzerland",
      "code": "CHE"
    },
    "pk": 215,
    "model": "referencepool.individual"
  },
  {
    "fields": {
      "data_class": 1,
      "title": "Syrian Arab Republic",
      "code": "SYR"
    },
    "pk": 216,
    "model": "referencepool.individual"
  },
  {
    "fields": {
      "data_class": 1,
      "title": "Taiwan, Province of China",
      "code": "TWN"
    },
    "pk": 217,
    "model": "referencepool.individual"
  },
  {
    "fields": {
      "data_class": 1,
      "title": "Tajikistan",
      "code": "TJK"
    },
    "pk": 218,
    "model": "referencepool.individual"
  },
  {
    "fields": {
      "data_class": 1,
      "title": "Tanzania, United Republic of",
      "code": "TZA"
    },
    "pk": 219,
    "model": "referencepool.individual"
  },
  {
    "fields": {
      "data_class": 1,
      "title": "Thailand",
      "code": "THA"
    },
    "pk": 220,
    "model": "referencepool.individual"
  },
  {
    "fields": {
      "data_class": 1,
      "title": "Timor-Leste",
      "code": "TLS"
    },
    "pk": 221,
    "model": "referencepool.individual"
  },
  {
    "fields": {
      "data_class": 1,
      "title": "Togo",
      "code": "TGO"
    },
    "pk": 222,
    "model": "referencepool.individual"
  },
  {
    "fields": {
      "data_class": 1,
      "title": "Tokelau",
      "code": "TKL"
    },
    "pk": 223,
    "model": "referencepool.individual"
  },
  {
    "fields": {
      "data_class": 1,
      "title": "Tonga",
      "code": "TON"
    },
    "pk": 224,
    "model": "referencepool.individual"
  },
  {
    "fields": {
      "data_class": 1,
      "title": "Trinidad and Tobago",
      "code": "TTO"
    },
    "pk": 225,
    "model": "referencepool.individual"
  },
  {
    "fields": {
      "data_class": 1,
      "title": "Tunisia",
      "code": "TUN"
    },
    "pk": 226,
    "model": "referencepool.individual"
  },
  {
    "fields": {
      "data_class": 1,
      "title": "Turkey",
      "code": "TUR"
    },
    "pk": 227,
    "model": "referencepool.individual"
  },
  {
    "fields": {
      "data_class": 1,
      "title": "Turkmenistan",
      "code": "TKM"
    },
    "pk": 228,
    "model": "referencepool.individual"
  },
  {
    "fields": {
      "data_class": 1,
      "title": "Turks and Caicos Islands",
      "code": "TCA"
    },
    "pk": 229,
    "model": "referencepool.individual"
  },
  {
    "fields": {
      "data_class": 1,
      "title": "Tuvalu",
      "code": "TUV"
    },
    "pk": 230,
    "model": "referencepool.individual"
  },
  {
    "fields": {
      "data_class": 1,
      "title": "Uganda",
      "code": "UGA"
    },
    "pk": 231,
    "model": "referencepool.individual"
  },
  {
    "fields": {
      "data_class": 1,
      "title": "Ukraine",
      "code": "UKR"
    },
    "pk": 232,
    "model": "referencepool.individual"
  },
  {
    "fields": {
      "data_class": 1,
      "title": "United Arab Emirates",
      "code": "ARE"
    },
    "pk": 233,
    "model": "referencepool.individual"
  },
  {
    "fields": {
      "data_class": 1,
      "title": "United Kingdom",
      "code": "GBR"
    },
    "pk": 234,
    "model": "referencepool.individual"
  },
  {
    "fields": {
      "data_class": 1,
      "title": "United States",
      "code": "USA"
    },
    "pk": 235,
    "model": "referencepool.individual"
  },
  {
    "fields": {
      "data_class": 1,
      "title": "United States Minor Outlying Islands",
      "code": "UMI"
    },
    "pk": 236,
    "model": "referencepool.individual"
  },
  {
    "fields": {
      "data_class": 1,
      "title": "Uruguay",
      "code": "URY"
    },
    "pk": 237,
    "model": "referencepool.individual"
  },
  {
    "fields": {
      "data_class": 1,
      "title": "Uzbekistan",
      "code": "UZB"
    },
    "pk": 238,
    "model": "referencepool.individual"
  },
  {
    "fields": {
      "data_class": 1,
      "title": "Vanuatu",
      "code": "VUT"
    },
    "pk": 239,
    "model": "referencepool.individual"
  },
  {
    "fields": {
      "data_class": 1,
      "title": "Venezuela, Bolivarian Republic of",
      "code": "VEN"
    },
    "pk": 240,
    "model": "referencepool.individual"
  },
  {
    "fields": {
      "data_class": 1,
      "title": "Viet Nam",
      "code": "VNM"
    },
    "pk": 241,
    "model": "referencepool.individual"
  },
  {
    "fields": {
      "data_class": 1,
      "title": "Virgin Islands, British",
      "code": "VGB"
    },
    "pk": 242,
    "model": "referencepool.individual"
  },
  {
    "fields": {
      "data_class": 1,
      "title": "Virgin Islands, U.S.",
      "code": "VIR"
    },
    "pk": 243,
    "model": "referencepool.individual"
  },
  {
    "fields": {
      "data_class": 1,
      "title": "Wallis and Futuna",
      "code": "WLF"
    },
    "pk": 244,
    "model": "referencepool.individual"
  },
  {
    "fields": {
      "data_class": 1,
      "title": "Western Sahara",
      "code": "ESH"
    },
    "pk": 245,
    "model": "referencepool.individual"
  },
  {
    "fields": {
      "data_class": 1,
      "title": "Yemen",
      "code": "YEM"
    },
    "pk": 246,
    "model": "referencepool.individual"
  },
  {
    "fields": {
      "data_class": 1,
      "title": "Zambia",
      "code": "ZMB"
    },
    "pk": 247,
    "model": "referencepool.individual"
  },
  {
    "fields": {
      "data_class": 1,
      "title": "Zimbabwe",
      "code": "ZWE"
    },
    "pk": 248,
    "model": "referencepool.individual"
  },
  {
    "fields": {
      "data_class": 1,
      "title": "\u00c5land Islands",
      "code": "ALA"
    },
    "pk": 249,
    "model": "referencepool.individual"
  },
  {
    "fields": {
      "data_class": 6,
      "title": "Male",
      "code": ""
    },
    "pk": 250,
    "model": "referencepool.individual"
  },
  {
    "fields": {
      "data_class": 6,
      "title": "Female",
      "code": ""
    },
    "pk": 251,
    "model": "referencepool.individual"
  },
  {
    "fields": {
      "data_class": 8,
      "title": "Buckinghamshire",
      "code": ""
    },
    "pk": 252,
    "model": "referencepool.individual"
  },
  {
    "fields": {
      "data_class": 8,
      "title": "Cambridgeshire",
      "code": ""
    },
    "pk": 253,
    "model": "referencepool.individual"
  },
  {
    "fields": {
      "data_class": 8,
      "title": "Cumbria",
      "code": ""
    },
    "pk": 254,
    "model": "referencepool.individual"
  },
  {
    "fields": {
      "data_class": 8,
      "title": "Derbyshire",
      "code": ""
    },
    "pk": 255,
    "model": "referencepool.individual"
  },
  {
    "fields": {
      "data_class": 8,
      "title": "Dorset",
      "code": ""
    },
    "pk": 256,
    "model": "referencepool.individual"
  },
  {
    "fields": {
      "data_class": 8,
      "title": "East Sussex",
      "code": ""
    },
    "pk": 257,
    "model": "referencepool.individual"
  },
  {
    "fields": {
      "data_class": 8,
      "title": "Essex",
      "code": ""
    },
    "pk": 258,
    "model": "referencepool.individual"
  },
  {
    "fields": {
      "data_class": 8,
      "title": "Gloucestershire",
      "code": ""
    },
    "pk": 259,
    "model": "referencepool.individual"
  },
  {
    "fields": {
      "data_class": 8,
      "title": "Hampshire",
      "code": ""
    },
    "pk": 260,
    "model": "referencepool.individual"
  },
  {
    "fields": {
      "data_class": 8,
      "title": "Hertfordshire",
      "code": ""
    },
    "pk": 261,
    "model": "referencepool.individual"
  },
  {
    "fields": {
      "data_class": 8,
      "title": "Kent",
      "code": ""
    },
    "pk": 262,
    "model": "referencepool.individual"
  },
  {
    "fields": {
      "data_class": 8,
      "title": "Lancashire",
      "code": ""
    },
    "pk": 263,
    "model": "referencepool.individual"
  },
  {
    "fields": {
      "data_class": 8,
      "title": "Leicestershire",
      "code": ""
    },
    "pk": 264,
    "model": "referencepool.individual"
  },
  {
    "fields": {
      "data_class": 8,
      "title": "Lincolnshire",
      "code": ""
    },
    "pk": 265,
    "model": "referencepool.individual"
  },
  {
    "fields": {
      "data_class": 8,
      "title": "Norfolk",
      "code": ""
    },
    "pk": 266,
    "model": "referencepool.individual"
  },
  {
    "fields": {
      "data_class": 8,
      "title": "Northamptonshire",
      "code": ""
    },
    "pk": 267,
    "model": "referencepool.individual"
  },
  {
    "fields": {
      "data_class": 8,
      "title": "North Yorkshire",
      "code": ""
    },
    "pk": 268,
    "model": "referencepool.individual"
  },
  {
    "fields": {
      "data_class": 8,
      "title": "Nottinghamshire",
      "code": ""
    },
    "pk": 269,
    "model": "referencepool.individual"
  },
  {
    "fields": {
      "data_class": 8,
      "title": "Oxfordshire",
      "code": ""
    },
    "pk": 270,
    "model": "referencepool.individual"
  },
  {
    "fields": {
      "data_class": 8,
      "title": "Somerset",
      "code": ""
    },
    "pk": 271,
    "model": "referencepool.individual"
  },
  {
    "fields": {
      "data_class": 8,
      "title": "Staffordshire",
      "code": ""
    },
    "pk": 272,
    "model": "referencepool.individual"
  },
  {
    "fields": {
      "data_class": 8,
      "title": "Suffolk",
      "code": ""
    },
    "pk": 273,
    "model": "referencepool.individual"
  },
  {
    "fields": {
      "data_class": 8,
      "title": "Surrey",
      "code": ""
    },
    "pk": 274,
    "model": "referencepool.individual"
  },
  {
    "fields": {
      "data_class": 8,
      "title": "Warwickshire",
      "code": ""
    },
    "pk": 275,
    "model": "referencepool.individual"
  },
  {
    "fields": {
      "data_class": 8,
      "title": "West Sussex ",
      "code": ""
    },
    "pk": 276,
    "model": "referencepool.individual"
  },
  {
    "fields": {
      "data_class": 8,
      "title": "Worcestershire",
      "code": ""
    },
    "pk": 277,
    "model": "referencepool.individual"
  },
  {
    "fields": {
      "data_class": 8,
      "title": "Greater London Authority",
      "code": ""
    },
    "pk": 278,
    "model": "referencepool.individual"
  },
  {
    "fields": {
      "data_class": 8,
      "title": "Devon",
      "code": ""
    },
    "pk": 279,
    "model": "referencepool.individual"
  },
  {
    "fields": {
      "title": "Common Public Attribution License 1.0",
      "identifier": "CPAL-1.0",
      "url": "http://www.opensource.org/licenses/CPAL-1.0"
    },
    "model": "referencepool.license",
    "pk": 1
  },
  {
    "fields": {
      "title": "Historical Permission Notice and Disclaimer",
      "identifier": "HPND",
      "url": "http://www.opensource.org/licenses/HPND"
    },
    "model": "referencepool.license",
    "pk": 2
  },
  {
    "fields": {
      "title": "Attribution Assurance Licenses",
      "identifier": "AAL",
      "url": "http://www.opensource.org/licenses/AAL"
    },
    "model": "referencepool.license",
    "pk": 3
  },
  {
    "fields": {
      "title": "Sun Industry Standards Source License 1.1",
      "identifier": "SISSL",
      "url": "http://opensource.org/licenses/SISSL"
    },
    "model": "referencepool.license",
    "pk": 4
  },
  {
    "fields": {
      "title": "Other (Not Open)",
      "identifier": "other-closed",
      "url": ""
    },
    "model": "referencepool.license",
    "pk": 5
  },
  {
    "fields": {
      "title": "Open Software License 3.0",
      "identifier": "OSL-3.0",
      "url": "http://www.opensource.org/licenses/OSL-3.0"
    },
    "model": "referencepool.license",
    "pk": 6
  },
  {
    "fields": {
      "title": "OCLC Research Public License 2.0",
      "identifier": "OCLC-2.0",
      "url": "http://www.opensource.org/licenses/OCLC-2.0"
    },
    "model": "referencepool.license",
    "pk": 7
  },
  {
    "fields": {
      "title": "Other (Attribution)",
      "identifier": "other-at",
      "url": ""
    },
    "model": "referencepool.license",
    "pk": 8
  },
  {
    "fields": {
      "title": "Creative Commons Attribution-NonCommercial 4.0",
      "identifier": "CC-BY-NC-4.0",
      "url": "https://creativecommons.org/licenses/by-nc/4.0/"
    },
    "model": "referencepool.license",
    "pk": 9
  },
  {"fields": {
    "title": "Q Public License 1.0",
    "identifier": "QPL-1.0",
    "url": "http://www.opensource.org/licenses/QPL-1.0"
  },
    "model": "referencepool.license",
    "pk": 10
  },
  {
    "fields": {
      "title": "Entessa Public License",
      "identifier": "Entessa",
      "url": "http://www.opensource.org/licenses/Entessa"
    },
    "model": "referencepool.license",
    "pk": 11
  },
  {
    "fields": {
      "title": "BSD 2-Clause \"Simplified\" or \"FreeBSD\" License (BSD-2-Clause)",
      "identifier": "BSD-2-Clause",
      "url": "http://www.opensource.org/licenses/BSD-2-Clause"
    },
    "model": "referencepool.license",
    "pk": 12
  },
  {
    "fields": {
      "title": "Microsoft Reciprocal License",
      "identifier": "MS-RL",
      "url": "http://www.opensource.org/licenses/MS-RL"
    },
    "model": "referencepool.license",
    "pk": 13
  },
  {
    "fields": {
      "title": "IPA Font License",
      "identifier": "IPA",
      "url": "http://www.opensource.org/licenses/IPA"
    },
    "model": "referencepool.license",
    "pk": 14
  },
  {
    "fields": {
      "title": "Unlicense",
      "identifier": "Unlicense",
      "url": "http://unlicense.org/"
    },
    "model": "referencepool.license",
    "pk": 15
  },
  {
    "fields": {
      "title": "Open Government Licence 1.0 (United Kingdom)",
      "identifier": "OGL-UK-1.0",
      "url": "http://reference.data.gov.uk/id/open-government-licence"
    },
    "model": "referencepool.license",
    "pk": 16
  },
  {
    "fields": {
      "title": "Mozilla Public License 1.0",
      "identifier": "MPL-1.0",
      "url": "http://www.opensource.org/licenses/MPL-1.0"
    },
    "model": "referencepool.license",
    "pk": 17
  },
  {
    "fields": {
      "title": "IBM Public License 1.0",
      "identifier": "IPL-1.0",
      "url": "http://www.opensource.org/licenses/IPL-1.0"
    },
    "model": "referencepool.license",
    "pk": 18
  },
  {
    "fields": {
      "title": "Creative Commons Attribution 4.0",
      "identifier": "CC-BY-4.0",
      "url": "https://creativecommons.org/licenses/by/4.0/"
    },
    "model": "referencepool.license",
    "pk": 19
  },
  {
    "fields": {
      "title": "Geogratis",
      "identifier": "geogratis",
      "url": "http://geogratis.gc.ca/geogratis/licenceGG"
    },
    "model": "referencepool.license",
    "pk": 20
  },
  {
    "fields": {
      "title": "Open Data Commons Open Database License 1.0",
      "identifier": "ODbL-1.0",
      "url": "http://www.opendefinition.org/licenses/odc-odbl"
    },
    "model": "referencepool.license",
    "pk": 21
  },
  {
    "fields": {
      "title": "CC0 1.0",
      "identifier": "CC0-1.0",
      "url": "https://creativecommons.org/publicdomain/zero/1.0/"
    },
    "model": "referencepool.license",
    "pk": 22
  },
  {
    "fields": {
      "title": "UK Click Use PSI",
      "identifier": "ukclickusepsi",
      "url": ""
    },
    "model": "referencepool.license",
    "pk": 23
  },
  {
    "fields": {
      "title": "Apache Software License 2.0",
      "identifier": "Apache-2.0",
      "url": "http://www.opensource.org/licenses/Apache-2.0"
    },
    "model": "referencepool.license",
    "pk": 24
  },
  {
    "fields": {
      "title": "Lucent Public License (\"Plan9\") 1.0",
      "identifier": "LPL-1.0",
      "url": "http://www.opensource.org/licenses/LPL-1.0"
    },
    "model": "referencepool.license",
    "pk": 25
  },
  {
    "fields": {
      "title": "Open Data Commons Public Domain Dedication and Licence 1.0",
      "identifier": "ODC-PDDL-1.0",
      "url": "http://www.opendefinition.org/licenses/odc-pddl"
    },
    "model": "referencepool.license",
    "pk": 26
  },
  {
    "fields": {
      "title": "Sybase Open Watcom Public License 1.0",
      "identifier": "Watcom-1.0",
      "url": "http://www.opensource.org/licenses/Watcom-1.0"
    },
    "model": "referencepool.license",
    "pk": 27
  },
  {
    "fields": {
      "title": "Common Development and Distribution License 1.0",
      "identifier": "CDDL-1.0",
      "url": "http://www.opensource.org/licenses/CDDL-1.0"
    },
    "model": "referencepool.license",
    "pk": 28
  },
  {
    "fields": {
      "title": "Other (Non-Commercial)",
      "identifier": "other-nc",
      "url": ""
    },
    "model": "referencepool.license",
    "pk": 29
  },
  {
    "fields": {
      "title": "zlib/libpng license",
      "identifier": "Zlib",
      "url": "http://www.opensource.org/licenses/Zlib"
    },
    "model": "referencepool.license",
    "pk": 30
  },
  {
    "fields": {
      "title": "Vovida Software License 1.0",
      "identifier": "VSL-1.0",
      "url": "http://www.opensource.org/licenses/VSL-1.0"
    },
    "model": "referencepool.license",
    "pk": 31
  },
  {
    "fields": {
      "title": "Design Science License",
      "identifier": "DSL", "url": "http://www.opendefinition.org/licenses/dsl"
    },
    "model": "referencepool.license",
    "pk": 32
  },
  {
    "fields": {
      "title": "University of Illinois/NCSA Open Source License",
      "identifier": "NCSA",
      "url": "http://www.opensource.org/licenses/NCSA"
    },
    "model": "referencepool.license",
    "pk": 33
  },
  {
    "fields": {
      "title": "Frameworx License 1.0",
      "identifier": "Frameworx-1.0",
      "url": "http://www.opensource.org/licenses/Frameworx-1.0"
    },
    "model": "referencepool.license",
    "pk": 34
  },
  {
    "fields": {
      "title": "Lucent Public License 1.02",
      "identifier": "LPL-1.02",
      "url": "http://www.opensource.org/licenses/LPL-1.02"
    },
    "model": "referencepool.license",
    "pk": 35
  },
  {
    "fields": {
      "title": "Ricoh Source Code Public License",
      "identifier": "RSCPL",
      "url": "http://www.opensource.org/licenses/RSCPL"
    },
    "model": "referencepool.license",
    "pk": 36
  },
  {
    "fields": {
      "title": "LaTeX Project Public License 1.3c",
      "identifier": "LPPL-1.3c",
      "url": "http://www.opensource.org/licenses/LPPL-1.3c"
    },
    "model": "referencepool.license",
    "pk": 37
  },
  {"fields": {
    "title": "UK Crown Copyright with data.gov.uk rights",
    "identifier": "ukcrown-withrights",
    "url": ""
  },
    "model": "referencepool.license",
    "pk": 38
  },
  {
    "fields": {
      "title": "Apple Public Source License 2.0",
      "identifier": "APSL-2.0",
      "url": "http://www.opensource.org/licenses/APSL-2.0"
    },
    "model": "referencepool.license",
    "pk": 39
  },
  {
    "fields": {
      "title": "Boost Software License 1.0",
      "identifier": "BSL-1.0",
      "url": "http://www.opensource.org/licenses/BSL-1.0"
    },
    "model": "referencepool.license",
    "pk": 40
  },
  {
    "fields": {
      "title": "Against DRM",
      "identifier": "Against-DRM",
      "url": "http://www.opendefinition.org/licenses/against-drm"
    },
    "model": "referencepool.license",
    "pk": 41
  },
  {
    "fields": {
      "title": "GNU General Public License 3.0",
      "identifier": "GPL-3.0",
      "url": "http://www.opensource.org/licenses/GPL-3.0"
    },
    "model": "referencepool.license",
    "pk": 42
  },
  {
    "fields": {
      "title": "Open Government License 2.0 (Canada)",
      "identifier": "OGL-Canada-2.0",
      "url": "http://data.gc.ca/eng/open-government-licence-canada"
    },
    "model": "referencepool.license",
    "pk": 43
  },
  {
    "fields": {
      "title": "Open Data Commons Attribution License 1.0",
      "identifier": "ODC-BY-1.0",
      "url": "http://www.opendefinition.org/licenses/odc-by"
    },
    "model": "referencepool.license",
    "pk": 44
  },
  {
    "fields": {
      "title": "Nokia Open Source License",
      "identifier": "Nokia",
      "url": "http://www.opensource.org/licenses/Nokia"
    },
    "model": "referencepool.license",
    "pk": 45
  },
  {
    "fields": {
      "title": "Reciprocal Public License 1.5",
      "identifier": "RPL-1.5",
      "url": "http://www.opensource.org/licenses/RPL-1.5"
    },
    "model": "referencepool.license",
    "pk": 46
  },
  {
    "fields": {
      "title": "Python License 2.0",
      "identifier": "Python-2.0",
      "url": "http://www.opensource.org/licenses/Python-2.0"
    },
    "model": "referencepool.license",
    "pk": 47
  },
  {
    "fields": {
      "title": "Higher Education Statistics Agency Copyright with data.gov.uk rights",
      "identifier": "hesa-withrights",
      "url": "http://www.hesa.ac.uk/index.php?option=com_content&task=view&id=2619&Itemid=209"
    },
    "model": "referencepool.license",
    "pk": 48
  },
  {
    "fields": {
      "title": "Mozilla Public License 2.0",
      "identifier": "MPL-2.0",
      "url": "http://www.opensource.org/licenses/MPL-2.0"
    },
    "model": "referencepool.license",
    "pk": 49
  },
  {
    "fields": {
      "title": "Simple Public License 2.0",
      "identifier": "SimPL-2.0",
      "url": "http://www.opensource.org/licenses/SimPL-2.0"
    },
    "model": "referencepool.license",
    "pk": 50
  },
  {
    "fields": {
      "title": "Other (Open)",
      "identifier": "other-open",
      "url": ""
    },
    "model": "referencepool.license",
    "pk": 51
  },
  {
    "fields": {
      "title": "Met Office UK Climate Projections Licence Agreement",
      "identifier": "met-office-cp",
      "url": "http://www.metoffice.gov.uk/climatechange/science/monitoring/ukcp09/UKCIP08_license_agreement_130709.pdf"
    },
    "model": "referencepool.license",
    "pk": 52
  },
  {
    "fields": {
      "title": "MITRE Collaborative Virtual Workspace License (CVW License)",
      "identifier": "mitre",
      "url": "http://opensource.org/licenses/CVW"
    },
    "model": "referencepool.license",
    "pk": 53
  },
  {
    "fields": {
      "title": "Non-Profit Open Software License 3.0",
      "identifier": "NPOSL-3.0",
      "url": "http://www.opensource.org/licenses/NPOSL-3.0"
    },
    "model": "referencepool.license",
    "pk": 54
  },
  {
    "fields": {
      "title": "Academic Free License 3.0",
      "identifier": "AFL-3.0",
      "url": "http://www.opensource.org/licenses/AFL-3.0"
    },
    "model": "referencepool.license",
    "pk": 55
  },
  {
    "fields": {
      "title": "Other (Public Domain)",
      "identifier": "other-pd",
      "url": ""
    },
    "model": "referencepool.license",
    "pk": 56
  },
  {
    "fields": {
      "title": "MirOS Licence",
      "identifier": "MirOS",
      "url": "http://www.opensource.org/licenses/MirOS"
    },
    "model": "referencepool.license",
    "pk": 57
  },
  {
    "fields": {
      "title": "BitTorrent Open Source License 1.1",
      "identifier": "BitTorrent-1.1",
      "url": "https://spdx.org/licenses/BitTorrent-1.1"
    },
    "model": "referencepool.license",
    "pk": 58
  },
  {
    "fields": {
      "title": "Adaptive Public License 1.0",
      "identifier": "APL-1.0",
      "url": "http://www.opensource.org/licenses/APL-1.0"
    },
    "model": "referencepool.license",
    "pk": 59
  },
  {
    "fields": {
      "title": "Zope Public License 2.0",
      "identifier": "ZPL-2.0",
      "url": "http://www.opensource.org/licenses/ZPL-2.0"
    },
    "model": "referencepool.license",
    "pk": 60
  },
  {
    "fields": {
      "title": "PostgreSQL License",
      "identifier": "PostgreSQL",
      "url": "http://www.opensource.org/licenses/PostgreSQL"
    },
    "model": "referencepool.license",
    "pk": 61
  },
  {
    "fields": {
      "title": "GNU Free Documentation License 1.3 with no cover texts and no invariant sections",
      "identifier": "GFDL-1.3-no-cover-texts-no-invariant-sections",
      "url": "http://www.opendefinition.org/licenses/gfdl"
    },
    "model": "referencepool.license",
    "pk": 62
  },
  {
    "fields": {
      "title": "Open Government Licence 2.0 (United Kingdom)",
      "identifier": "OGL-UK-2.0",
      "url": "https://www.nationalarchives.gov.uk/doc/open-government-licence/version/2/"
    },
    "model": "referencepool.license",
    "pk": 63
  },
  {
    "fields": {
      "title": "MIT License",
      "identifier": "MIT",
      "url": "http://www.opensource.org/licenses/MIT"
    },
    "model": "referencepool.license",
    "pk": 64
  },
  {
    "fields": {
      "title": "Open Group Test Suite License",
      "identifier": "OGTSL",
      "url": "http://www.opensource.org/licenses/OGTSL"
    },
    "model": "referencepool.license",
    "pk": 65
  },
  {
    "fields": {
      "title": "Apache Software License 1.1",
      "identifier": "Apache-1.1",
      "url": "http://www.opensource.org/licenses/Apache-1.1"
    },
    "model": "referencepool.license",
    "pk": 66
  },
  {
    "fields": {
      "title": "Free Art License 1.3",
      "identifier": "FAL-1.3",
      "url": "http://www.opendefinition.org/licenses/fal"
    },
    "model": "referencepool.license",
    "pk": 67
  },
  {
    "fields": {
      "title": "ISC License",
      "identifier": "ISC",
      "url": "http://www.opensource.org/licenses/ISC"
    },
    "model": "referencepool.license",
    "pk": 68
  },
  {
    "fields": {
      "title": "X.Net License",
      "identifier": "Xnet",
      "url": "http://www.opensource.org/licenses/Xnet"
    },
    "model": "referencepool.license",
    "pk": 69
  },
  {
    "fields": {
      "title": "BSD 3-Clause \"New\" or \"Revised\" License (BSD-3-Clause)",
      "identifier": "BSD-3-Clause",
      "url": "http://www.opensource.org/licenses/BSD-3-Clause"
    },
    "model": "referencepool.license",
    "pk": 70
  },
  {
    "fields": {
      "title": "Sun Public License 1.0",
      "identifier": "SPL-1.0",
      "url": "http://www.opensource.org/licenses/SPL-1.0"
    },
    "model": "referencepool.license",
    "pk": 71
  },
  {
    "fields": {
      "title": "UK Crown Copyright",
      "identifier": "ukcrown",
      "url": ""
    },
    "model": "referencepool.license",
    "pk": 72
  },
  {
    "fields": {
      "title": "Mozilla Public License 1.1",
      "identifier": "MPL-1.1",
      "url": "http://www.opensource.org/licenses/MPL-1.1"
    },
    "model": "referencepool.license",
    "pk": 73
  },
  {
    "fields": {
      "title": "CUA Office Public License 1.0",
      "identifier": "CUA-OPL-1.0",
      "url": "http://www.opensource.org/licenses/CUA-OPL-1.0"
    },
    "model": "referencepool.license", "pk": 74
  },
  {
    "fields": {
      "title": "Statistics Canada: Data Liberation Initiative (DLI) - Model Data Use Licence",
      "identifier": "dli-model-use",
      "url": "http://data.library.ubc.ca/datalib/geographic/DMTI/license.html"
    },
    "model": "referencepool.license",
    "pk": 75
  },
  {
    "fields": {
      "title": "GNU Lesser General Public License 3.0",
      "identifier": "LGPL-3.0",
      "url": "http://www.opensource.org/licenses/LGPL-3.0"
    },
    "model": "referencepool.license",
    "pk": 76
  },
  {
    "fields": {
      "title": "Nethack General Public License",
      "identifier": "NGPL",
      "url": "http://www.opensource.org/licenses/NGPL"
    },
    "model": "referencepool.license",
    "pk": 77
  },
  {
    "fields": {
      "title": "Eclipse Public License 1.0",
      "identifier": "EPL-1.0",
      "url": "http://www.opensource.org/licenses/EPL-1.0"
    },
    "model": "referencepool.license",
    "pk": 78
  },
  {
    "fields": {
      "title": "GNU General Public License 2.0",
      "identifier": "GPL-2.0",
      "url": "http://www.opensource.org/licenses/GPL-2.0"
    },
    "model": "referencepool.license",
    "pk": 79
  },
  {
    "fields": {
      "title": "W3C License",
      "identifier": "W3C",
      "url": "http://www.opensource.org/licenses/W3C"
    },
    "model": "referencepool.license",
    "pk": 80
  },
  {
    "fields": {
      "title": "Creative Commons Attribution Share-Alike 4.0",
      "identifier": "CC-BY-SA-4.0",
      "url": "https://creativecommons.org/licenses/by-sa/4.0/"
    },
    "model": "referencepool.license",
    "pk": 81
  },
  {
    "fields": {
      "title": "EU DataGrid Software License",
      "identifier": "EUDatagrid",
      "url": "http://www.opensource.org/licenses/EUDatagrid"
    },
    "model": "referencepool.license",
    "pk": 82
  },
  {
    "fields": {
      "title": "RealNetworks Public Source License 1.0",
      "identifier": "RPSL-1.0",
      "url": "http://www.opensource.org/licenses/RPSL-1.0"
    },
    "model": "referencepool.license",
    "pk": 83
  },
  {
    "fields": {
      "title": "Open Font License 1.1",
      "identifier": "OFL-1.1",
      "url": "http://www.opensource.org/licenses/OFL-1.1"
    },
    "model": "referencepool.license",
    "pk": 84
  },
  {
    "fields": {
      "title": "Motosoto License",
      "identifier": "Motosoto",
      "url": "http://www.opensource.org/licenses/Motosoto"
    },
    "model": "referencepool.license",
    "pk": 85
  },
  {
    "fields": {
      "title": "Sleepycat License",
      "identifier": "Sleepycat",
      "url": "http://www.opensource.org/licenses/Sleepycat"
    },
    "model": "referencepool.license",
    "pk": 86
  },
  {
    "fields": {
      "title": "wxWindows Library License",
      "identifier": "WXwindows",
      "url": "http://www.opensource.org/licenses/WXwindows"
    },
    "model": "referencepool.license",
    "pk": 87
  },
  {
    "fields": {
      "title": "PHP License 3.0",
      "identifier": "PHP-3.0",
      "url": "http://www.opensource.org/licenses/PHP-3.0"
    },
    "model": "referencepool.license",
    "pk": 88},
  {
    "fields": {
      "title": "Eiffel Forum License 2.0",
      "identifier": "EFL-2.0",
      "url": "http://www.opensource.org/licenses/EFL-2.0"
    },
    "model": "referencepool.license",
    "pk": 89
  },
  {
    "fields": {
      "title": "GNU Lesser General Public License 2.1",
      "identifier": "LGPL-2.1",
      "url": "http://www.opensource.org/licenses/LGPL-2.1"
    },
    "model": "referencepool.license",
    "pk": 90
  },
  {
    "fields": {
      "title": "CeCILL License 2.1",
      "identifier": "CECILL-2.1",
      "url": "http://www.opensource.org/licenses/CECILL-2.1"
    },
    "model": "referencepool.license",
    "pk": 91
  },
  {
    "fields": {
      "title": "CNRI Python License",
      "identifier": "CNRI-Python",
      "url": "http://www.opensource.org/licenses/CNRI-Python"
    },
    "model": "referencepool.license",
    "pk": 92
  },
  {
    "fields": {
      "title": "Talis Community License",
      "identifier": "Talis",
      "url": "http://www.opendefinition.org/licenses/tcl"
    },
    "model": "referencepool.license",
    "pk": 93
  },
  {
    "fields": {
      "title": "Computer Associates Trusted Open Source License 1.1 (CATOSL-1.1)",
      "identifier": "CATOSL-1.1",
      "url": "http://www.opensource.org/licenses/CATOSL-1.1"
    },
    "model": "referencepool.license",
    "pk": 94
  },
  {
    "fields": {
      "title": "Microsoft Public License",
      "identifier": "MS-PL",
      "url": "http://www.opensource.org/licenses/MS-PL"
    },
    "model": "referencepool.license",
    "pk": 95
  },
  {
    "fields": {
      "title": "License Not Specified",
      "identifier": "notspecified",
      "url": ""
    },
    "model": "referencepool.license",
    "pk": 96
  },
  {
    "fields": {
      "title": "Artistic License 2.0",
      "identifier": "Artistic-2.0",
      "url": "http://www.opensource.org/licenses/Artistic-2.0"
    },
    "model": "referencepool.license",
    "pk": 97
  },
  {
    "fields": {
      "title": "Educational Community License 2.0",
      "identifier": "ECL-2.0",
      "url": "http://www.opensource.org/licenses/ECL-2.0"
    },
    "model": "referencepool.license",
    "pk": 98
  },
  {
    "fields": {
      "title": "Fair License",
      "identifier": "Fair",
      "url": "http://www.opensource.org/licenses/Fair"
    },
    "model": "referencepool.license",
    "pk": 99
  },
  {
    "fields": {
      "title": "UK PSI Public Sector Information",
      "identifier": "ukpsi",
      "url": "http://www.opendefinition.org/licenses/ukpsi"
    },
    "model": "referencepool.license",
    "pk": 100
  },
  {
    "fields": {
      "title": "Intel Open Source License",
      "identifier": "Intel",
      "url": "http://www.opensource.org/licenses/Intel"
    },
    "model": "referencepool.license",
    "pk": 101
  },
  {
    "fields": {
      "title": "Local Authority Copyright with data.gov.uk rights",
      "identifier": "localauth-withrights",
      "url": ""
    },
    "model": "referencepool.license",
    "pk": 102
  },
  {
    "fields": {
      "title": "Open Government Licence 3.0 (United Kingdom)",
      "identifier": "OGL-UK-3.0",
      "url": "https://www.nationalarchives.gov.uk/doc/open-government-licence/version/3/"},
    "model": "referencepool.license",
    "pk": 103},
  {
    "fields": {
      "title": "NTP License",
      "identifier": "NTP",
      "url": "http://www.opensource.org/licenses/NTP"
    },
    "model": "referencepool.license",
    "pk": 104
  },
  {
    "fields": {
      "title": "NASA Open Source Agreement 1.3",
      "identifier": "NASA-1.3",
      "url": "http://www.opensource.org/licenses/NASA-1.3"
    },
    "model": "referencepool.license",
    "pk": 105
  },
  {
    "fields": {
      "title": "GNU Affero General Public License v3",
      "identifier": "AGPL-3.0",
      "url": "http://www.opensource.org/licenses/AGPL-3.0"
    },
    "model": "referencepool.license",
    "pk": 106
  },
  {
    "fields": {
      "title": "European Union Public License 1.1",
      "identifier": "EUPL-1.1",
      "url": "http://www.opensource.org/licenses/EUPL-1.1"
    },
    "model": "referencepool.license",
    "pk": 107
  },
  {
    "fields": {
      "title": "Multics License",
      "identifier": "Multics",
      "url": "http://www.opensource.org/licenses/Multics"
    },
    "model": "referencepool.license",
    "pk": 108
  },
  {
    "fields": {
      "title": "Naumen Public License",
      "identifier": "Naumen",
      "url": "http://www.opensource.org/licenses/Naumen"},
    "model": "referencepool.license",
    "pk": 109
  }
]







